0000,DELAY_A,0,15,1,-1024,1024,Y,N,N
0001,DELAY_C,0,15,1,-1024,1024,Y,N,N
0002,LASER_DELAY,0,15,1,-1024,1024,Y,N,N
0003,ATTENUATOR_BUSY,14,14,1,0,1,N,N,N
0003,ATTENUATOR_POSITION_SETTING,0,13,1,0,12000,N,N,N
0003,ATTENUATOR_NOT_FOUND,15,15,1,0,1,N,N,N
0004,SWITCH_PMT,0,0,1,0,1,N,N,N
0004,SWITCH_SCINTILLATOR,1,1,1,0,1,N,N,N
0004,SWITCH_3,2,2,1,0,1,N,N,N
0004,SWITCH_4,3,3,1,0,1,N,N,N
0005,BOARD_TEMPERATURE,0,15,1,10,70,N,N,Y
0007,BOARD_SERIAL_NUMBER,8,15,1,0,511,N,N,Y
0007,BOARD_SUBDETECTOR_TYPE,0,1,1,0,3,N,N,Y
0008,VERTEX_TIME_LOW_THRESHOLD,0,9,1,-512,511,Y,N,N
0009,VERTEX_TIME_HIGH_THRESHOLD,0,9,1,-512,511,Y,N,N
000A,SEMI_CENTRAL_LEVEL_A,0,15,1,0,65535,N,N,N
000B,SEMI_CENTRAL_LEVEL_C,0,15,1,0,65535,N,N,N
000C,CENTRAL_LEVEL_A,0,15,1,0,65535,N,N,N
000D,CENTRAL_LEVEL_C,0,15,1,0,65535,N,N,N
000E,MODE_SEMICENTRAL_EVALUATION,8,8,1,0,1,N,N,N
000E,MODE_CORRELATION_COUNTER_SELECT,4,7,1,0,15,N,N,N
000E,MODE_EXTENDED_READOUT,3,3,1,0,1,N,N,N
000E,MODE_RESET_PER_BC_TRIGGER_COUNTER,10,10,1,0,1,N,N,N
000E,MODE_TRIGGERS,9,9,1,0,1,N,N,N
000E,MODE_SIDES_COMBINATION,1,2,1,0,3,N,N,N
000E,MODE_C_SIDE_DELAY,0,0,1,0,1,N,N,N
000F,BOARD_STATUS_PMC4_STATUS_CHANGED,26,26,1,0,1,N,N,N
000F,BOARD_STATUS_PMC5_STATUS_CHANGED,27,27,1,0,1,N,N,N
000F,BOARD_STATUS_PMC6_STATUS_CHANGED,28,28,1,0,1,N,N,N
000F,BOARD_STATUS_PMC7_STATUS_CHANGED,29,29,1,0,1,N,N,N
000F,BOARD_STATUS_PMC8_STATUS_CHANGED,30,30,1,0,1,N,N,N
000F,BOARD_STATUS_PMC3_STATUS_CHANGED,25,25,1,0,1,N,N,N
000F,BOARD_STATUS_PMC2_STATUS_CHANGED,24,24,1,0,1,N,N,N
000F,BOARD_STATUS_PMC1_STATUS_CHANGED,23,23,1,0,1,N,N,N
000F,BOARD_STATUS_PMC0_STATUS_CHANGED,22,22,1,0,1,N,N,N
000F,BOARD_STATUS_PMA9_STATUS_CHANGED,21,21,1,0,1,N,N,N
000F,BOARD_STATUS_PMA8_STATUS_CHANGED,20,20,1,0,1,N,N,N
000F,BOARD_STATUS_PMA7_STATUS_CHANGED,19,19,1,0,1,N,N,N
000F,BOARD_STATUS_PMA6_STATUS_CHANGED,18,18,1,0,1,N,N,N
000F,BOARD_STATUS_PMA5_STATUS_CHANGED,17,17,1,0,1,N,N,N
000F,BOARD_STATUS_PMA4_STATUS_CHANGED,16,16,1,0,1,N,N,N
000F,BOARD_STATUS_PMA3_STATUS_CHANGED,15,15,1,0,1,N,N,N
000F,BOARD_STATUS_PMA2_STATUS_CHANGED,14,14,1,0,1,N,N,N
000F,BOARD_STATUS_PMA1_STATUS_CHANGED,13,13,1,0,1,N,N,N
000F,BOARD_STATUS_PMA0_STATUS_CHANGED,12,12,1,0,1,N,N,N
000F,BOARD_STATUS_RESET_SYSTEM,11,11,1,0,1,N,N,N
000F,BOARD_STATUS_FORCE_LOCAL_CLOCK,10,10,1,0,1,N,N,N
000F,BOARD_STATUS_RESET_COUNTERS,9,9,1,0,1,N,N,N
000F,BOARD_STATUS_DROPPING_HITS,8,8,1,0,1,N,N,N
000F,BOARD_STATUS_BCID_SYNC_LOST,7,7,1,0,1,N,N,N
000F,BOARD_STATUS_GBT_RX_PHASE_ERROR,6,6,1,0,1,N,N,N
000F,BOARD_STATUS_GBT_RX_ERROR_DETECTED,5,5,1,0,1,N,N,N
000F,BOARD_STATUS_GBT_RX_READY,4,4,1,0,1,N,N,N
000F,BOARD_STATUS_ACTUAL_CLOCK_SOURCE,3,3,1,0,1,N,N,N
000F,BOARD_STATUS_PMC9_STATUS_CHANGED,31,31,1,0,1,N,N,N
000F,BOARD_STATUS_PLL_LOCK_A,1,1,1,0,1,N,N,N
000F,BOARD_STATUS_PLL_LOCK_C,0,0,1,0,1,N,N,N
000F,BOARD_STATUS_SYSTEM_RESTARTED,2,2,1,0,1,N,N,N
0010,PMA0_LINE_3_SIGNAL_STABLE,30,30,1,0,1,N,N,Y
0010,PMA0_LINE_3_SIGNAL_LOST,29,29,1,0,1,N,N,Y
0010,PMA0_LINE_3_DELAY,24,28,1,0,31,N,N,Y
0010,PMA0_BIT_POSITION_OK,23,23,1,0,1,N,N,Y
0010,PMA0_LINE_2_SIGNAL_STABLE,22,22,1,0,1,N,N,Y
0010,PMA0_LINE_2_SIGNAL_LOST,21,21,1,0,1,N,N,Y
0010,PMA0_LINK_OK,31,31,1,0,1,N,N,Y
0010,PMA0_LINE_1_SIGNAL_STABLE,14,14,1,0,1,N,N,Y
0010,PMA0_LINE_1_SIGNAL_LOST,13,13,1,0,1,N,N,Y
0010,PMA0_LINE_1_DELAY,8,12,1,0,31,N,N,Y
0010,PMA0_LINE_0_SIGNAL_STABLE,6,6,1,0,1,N,N,Y
0010,PMA0_LINE_0_SIGNAL_LOST,5,5,1,0,1,N,N,Y
0010,PMA0_LINE_0_DELAY,0,4,1,0,31,N,N,Y
0010,PMA0_LINE_2_DELAY,16,20,1,0,31,N,N,Y
0011,PMA1_LINE_3_SIGNAL_STABLE,30,30,1,0,1,N,N,Y
0011,PMA1_LINE_3_SIGNAL_LOST,29,29,1,0,1,N,N,Y
0011,PMA1_LINE_3_DELAY,24,28,1,0,31,N,N,Y
0011,PMA1_BIT_POSITION_OK,23,23,1,0,1,N,N,Y
0011,PMA1_LINE_2_SIGNAL_STABLE,22,22,1,0,1,N,N,Y
0011,PMA1_LINE_2_SIGNAL_LOST,21,21,1,0,1,N,N,Y
0011,PMA1_LINE_2_DELAY,16,20,1,0,31,N,N,Y
0011,PMA1_LINE_1_SIGNAL_STABLE,14,14,1,0,1,N,N,Y
0011,PMA1_LINE_1_SIGNAL_LOST,13,13,1,0,1,N,N,Y
0011,PMA1_LINE_1_DELAY,8,12,1,0,31,N,N,Y
0011,PMA1_LINE_0_SIGNAL_STABLE,6,6,1,0,1,N,N,Y
0011,PMA1_LINE_0_SIGNAL_LOST,5,5,1,0,1,N,N,Y
0011,PMA1_LINE_0_DELAY,0,4,1,0,31,N,N,Y
0011,PMA1_LINK_OK,31,31,1,0,1,N,N,Y
0011,PMA2_LINE_0_SIGNAL_LOST,5,5,1,0,1,N,N,Y
0012,PMA2_LINE_0_SIGNAL_STABLE,6,6,1,0,1,N,N,Y
0012,PMA2_LINE_0_DELAY,0,4,1,0,31,N,N,Y
0012,PMA2_LINK_OK,31,31,1,0,1,N,N,Y
0012,PMA2_LINE_3_SIGNAL_STABLE,30,30,1,0,1,N,N,Y
0012,PMA2_LINE_3_SIGNAL_LOST,29,29,1,0,1,N,N,Y
0012,PMA2_LINE_3_DELAY,24,28,1,0,31,N,N,Y
0012,PMA2_BIT_POSITION_OK,23,23,1,0,1,N,N,Y
0012,PMA2_LINE_2_SIGNAL_STABLE,22,22,1,0,1,N,N,Y
0012,PMA2_LINE_2_SIGNAL_LOST,21,21,1,0,1,N,N,Y
0012,PMA2_LINE_2_DELAY,16,20,1,0,31,N,N,Y
0012,PMA2_LINE_1_SIGNAL_STABLE,14,14,1,0,1,N,N,Y
0012,PMA2_LINE_1_SIGNAL_LOST,13,13,1,0,1,N,N,Y
0012,PMA2_LINE_1_DELAY,8,12,1,0,31,N,N,Y
0013,PMA3_LINE_0_DELAY,0,4,1,0,31,N,N,Y
0013,PMA3_LINE_3_SIGNAL_LOST,29,29,1,0,1,N,N,Y
0013,PMA3_LINE_3_DELAY,24,28,1,0,31,N,N,Y
0013,PMA3_BIT_POSITION_OK,23,23,1,0,1,N,N,Y
0013,PMA3_LINE_2_SIGNAL_STABLE,22,22,1,0,1,N,N,Y
0013,PMA3_LINE_2_SIGNAL_LOST,21,21,1,0,1,N,N,Y
0013,PMA3_LINE_3_SIGNAL_STABLE,30,30,1,0,1,N,N,Y
0013,PMA3_LINE_1_SIGNAL_STABLE,14,14,1,0,1,N,N,Y
0013,PMA3_LINE_1_SIGNAL_LOST,13,13,1,0,1,N,N,Y
0013,PMA3_LINE_1_DELAY,8,12,1,0,31,N,N,Y
0013,PMA3_LINE_0_SIGNAL_STABLE,6,6,1,0,1,N,N,Y
0013,PMA3_LINE_0_SIGNAL_LOST,5,5,1,0,1,N,N,Y
0013,PMA3_LINK_OK,31,31,1,0,1,N,N,Y
0013,PMA3_LINE_2_DELAY,16,20,1,0,31,N,N,Y
0014,PMA4_LINE_2_SIGNAL_STABLE,22,22,1,0,1,N,N,Y
0014,PMA4_BIT_POSITION_OK,23,23,1,0,1,N,N,Y
0014,PMA4_LINE_3_DELAY,24,28,1,0,31,N,N,Y
0014,PMA4_LINE_3_SIGNAL_LOST,29,29,1,0,1,N,N,Y
0014,PMA4_LINE_3_SIGNAL_STABLE,30,30,1,0,1,N,N,Y
0014,PMA4_LINK_OK,31,31,1,0,1,N,N,Y
0014,PMA4_LINE_0_DELAY,0,4,1,0,31,N,N,Y
0014,PMA4_LINE_0_SIGNAL_LOST,5,5,1,0,1,N,N,Y
0014,PMA4_LINE_0_SIGNAL_STABLE,6,6,1,0,1,N,N,Y
0014,PMA4_LINE_1_DELAY,8,12,1,0,31,N,N,Y
0014,PMA4_LINE_1_SIGNAL_LOST,13,13,1,0,1,N,N,Y
0014,PMA4_LINE_1_SIGNAL_STABLE,14,14,1,0,1,N,N,Y
0014,PMA4_LINE_2_DELAY,16,20,1,0,31,N,N,Y
0014,PMA4_LINE_2_SIGNAL_LOST,21,21,1,0,1,N,N,Y
0015,PMA5_LINE_0_DELAY,0,4,1,0,31,N,N,Y
0015,PMA5_LINE_0_SIGNAL_LOST,5,5,1,0,1,N,N,Y
0015,PMA5_LINE_0_SIGNAL_STABLE,6,6,1,0,1,N,N,Y
0015,PMA5_LINE_1_DELAY,8,12,1,0,31,N,N,Y
0015,PMA5_LINE_1_SIGNAL_LOST,13,13,1,0,1,N,N,Y
0015,PMA5_LINE_1_SIGNAL_STABLE,14,14,1,0,1,N,N,Y
0015,PMA5_LINK_OK,31,31,1,0,1,N,N,Y
0015,PMA5_LINE_2_SIGNAL_LOST,21,21,1,0,1,N,N,Y
0015,PMA5_LINE_2_SIGNAL_STABLE,22,22,1,0,1,N,N,Y
0015,PMA5_BIT_POSITION_OK,23,23,1,0,1,N,N,Y
0015,PMA5_LINE_3_DELAY,24,28,1,0,31,N,N,Y
0015,PMA5_LINE_3_SIGNAL_LOST,29,29,1,0,1,N,N,Y
0015,PMA5_LINE_3_SIGNAL_STABLE,30,30,1,0,1,N,N,Y
0015,PMA5_LINE_2_DELAY,16,20,1,0,31,N,N,Y
0016,PMA6_LINE_0_DELAY,0,4,1,0,31,N,N,Y
0016,PMA6_LINE_0_SIGNAL_LOST,5,5,1,0,1,N,N,Y
0016,PMA6_LINE_0_SIGNAL_STABLE,6,6,1,0,1,N,N,Y
0016,PMA6_LINE_1_DELAY,8,12,1,0,31,N,N,Y
0016,PMA6_LINE_1_SIGNAL_LOST,13,13,1,0,1,N,N,Y
0016,PMA6_LINE_1_SIGNAL_STABLE,14,14,1,0,1,N,N,Y
0016,PMA6_LINK_OK,31,31,1,0,1,N,N,Y
0016,PMA6_LINE_2_SIGNAL_LOST,21,21,1,0,1,N,N,Y
0016,PMA6_LINE_2_SIGNAL_STABLE,22,22,1,0,1,N,N,Y
0016,PMA6_BIT_POSITION_OK,23,23,1,0,1,N,N,Y
0016,PMA6_LINE_3_DELAY,24,28,1,0,31,N,N,Y
0016,PMA6_LINE_3_SIGNAL_LOST,29,29,1,0,1,N,N,Y
0016,PMA6_LINE_3_SIGNAL_STABLE,30,30,1,0,1,N,N,Y
0016,PMA6_LINE_2_DELAY,16,20,1,0,31,N,N,Y
0017,PMA7_LINE_0_DELAY,0,4,1,0,31,N,N,Y
0017,PMA7_LINE_0_SIGNAL_LOST,5,5,1,0,1,N,N,Y
0017,PMA7_LINE_0_SIGNAL_STABLE,6,6,1,0,1,N,N,Y
0017,PMA7_LINE_1_DELAY,8,12,1,0,31,N,N,Y
0017,PMA7_LINE_1_SIGNAL_LOST,13,13,1,0,1,N,N,Y
0017,PMA7_LINE_1_SIGNAL_STABLE,14,14,1,0,1,N,N,Y
0017,PMA7_LINK_OK,31,31,1,0,1,N,N,Y
0017,PMA7_LINE_2_SIGNAL_LOST,21,21,1,0,1,N,N,Y
0017,PMA7_LINE_2_SIGNAL_STABLE,22,22,1,0,1,N,N,Y
0017,PMA7_BIT_POSITION_OK,23,23,1,0,1,N,N,Y
0017,PMA7_LINE_3_DELAY,24,28,1,0,31,N,N,Y
0017,PMA7_LINE_3_SIGNAL_LOST,29,29,1,0,1,N,N,Y
0017,PMA7_LINE_3_SIGNAL_STABLE,30,30,1,0,1,N,N,Y
0017,PMA7_LINE_2_DELAY,16,20,1,0,31,N,N,Y
0018,PMA8_LINE_0_DELAY,0,4,1,0,31,N,N,Y
0018,PMA8_LINE_0_SIGNAL_LOST,5,5,1,0,1,N,N,Y
0018,PMA8_LINE_0_SIGNAL_STABLE,6,6,1,0,1,N,N,Y
0018,PMA8_LINE_1_DELAY,8,12,1,0,31,N,N,Y
0018,PMA8_LINE_1_SIGNAL_LOST,13,13,1,0,1,N,N,Y
0018,PMA8_LINE_1_SIGNAL_STABLE,14,14,1,0,1,N,N,Y
0018,PMA8_LINK_OK,31,31,1,0,1,N,N,Y
0018,PMA8_LINE_2_SIGNAL_LOST,21,21,1,0,1,N,N,Y
0018,PMA8_LINE_2_SIGNAL_STABLE,22,22,1,0,1,N,N,Y
0018,PMA8_BIT_POSITION_OK,23,23,1,0,1,N,N,Y
0018,PMA8_LINE_3_DELAY,24,28,1,0,31,N,N,Y
0018,PMA8_LINE_3_SIGNAL_LOST,29,29,1,0,1,N,N,Y
0018,PMA8_LINE_3_SIGNAL_STABLE,30,30,1,0,1,N,N,Y
0018,PMA8_LINE_2_DELAY,16,20,1,0,31,N,N,Y
0019,PMA9_LINE_0_SIGNAL_STABLE,6,6,1,0,1,N,N,Y
0019,PMA9_LINE_1_DELAY,8,12,1,0,31,N,N,Y
0019,PMA9_LINE_1_SIGNAL_LOST,13,13,1,0,1,N,N,Y
0019,PMA9_LINE_1_SIGNAL_STABLE,14,14,1,0,1,N,N,Y
0019,PMA9_LINE_2_DELAY,16,20,1,0,31,N,N,Y
0019,PMA9_LINE_2_SIGNAL_LOST,21,21,1,0,1,N,N,Y
0019,PMA9_LINE_0_SIGNAL_LOST,5,5,1,0,1,N,N,Y
0019,PMA9_BIT_POSITION_OK,23,23,1,0,1,N,N,Y
0019,PMA9_LINE_3_DELAY,24,28,1,0,31,N,N,Y
0019,PMA9_LINE_3_SIGNAL_LOST,29,29,1,0,1,N,N,Y
0019,PMA9_LINE_3_SIGNAL_STABLE,30,30,1,0,1,N,N,Y
0019,PMA9_LINK_OK,31,31,1,0,1,N,N,Y
0019,PMA9_LINE_0_DELAY,0,4,1,0,31,N,N,Y
0019,PMA9_LINE_2_SIGNAL_STABLE,22,22,1,0,1,N,N,Y
001A,SIDE_A_CHANNEL_MASK,0,8,1,,,N,N,N
001A,SIDE_A_READY,31,31,1,0,1,N,N,N
001A,SIDE_A_SYNC_ERROR_CHANNEL_A1,18,18,1,0,1,N,N,N
001A,SIDE_A_SYNC_ERROR_CHANNEL_A2,19,19,1,0,1,N,N,N
001A,SIDE_A_SYNC_ERROR_CHANNEL_A3,20,20,1,0,1,N,N,N
001A,SIDE_A_SYNC_ERROR_CHANNEL_A4,21,21,1,0,1,N,N,N
001A,SIDE_A_SYNC_ERROR_CHANNEL_A5,22,22,1,0,1,N,N,N
001A,SIDE_A_SYNC_ERROR_CHANNEL_A6,23,23,1,0,1,N,N,N
001A,SIDE_A_SYNC_ERROR_CHANNEL_A7,24,24,1,0,1,N,N,N
001A,SIDE_A_SYNC_ERROR_CHANNEL_A8,25,25,1,0,1,N,N,N
001A,SIDE_A_SYNC_ERROR_CHANNEL_A9,26,26,1,0,1,N,N,N
001A,SIDE_A_MASTER_LINK_DELAY_ERROR,27,27,1,0,1,N,N,N
001A,SIDE_A_ENABLED,28,28,1,0,1,N,N,N
001A,SIDE_A_DELAY_RANGE_ERROR,29,29,1,0,1,N,N,N
001A,SIDE_A_READY_BIT_CHANGES_STATE,30,30,1,0,1,N,N,N
001A,SIDE_A_SYNC_ERROR_CHANNEL_A0,17,17,1,0,1,N,N,N
001B,LASER_DIVIDER,0,23,1,,,N,N,N
001B,LASER_ACTUATION_SOURCE,31,31,1,0,1,N,N,N
001B,LASER_ENABLED,30,30,1,0,1,N,N,N
001B,LASER_ONCE_PER_N_ORBIT_MODE,24,24,1,0,1,N,N,N
001C,LASER_PATTERN_LSB,0,31,1,,,N,N,N
001D,LASER_PATTERN_MSB,0,31,1,,,N,N,N
001E,BITMASK_PM_LINKS_SPI_ENABLED,0,19,1,,,N,N,N
001F,TRIGGERS_SUPPRESION_DURATION,6,7,1,,,N,N,N
001F,TRIGGERS_SUPPRESION_DELAY,0,5,1,,,N,N,N
0020,SIDE_C_AVERAGE_TIME,16,31,1,,,Y,N,N
0020,SIDE_A_AVERAGE_TIME,0,15,1,,,Y,N,N
0030,PMC0_LINE_3_SIGNAL_STABLE,30,30,1,0,1,N,N,Y
0030,PMC0_LINE_3_SIGNAL_LOST,29,29,1,0,1,N,N,Y
0030,PMC0_LINE_3_DELAY,24,28,1,0,31,N,N,Y
0030,PMC0_BIT_POSITION_OK,23,23,1,0,1,N,N,Y
0030,PMC0_LINE_2_SIGNAL_STABLE,22,22,1,0,1,N,N,Y
0030,PMC0_LINE_2_SIGNAL_LOST,21,21,1,0,1,N,N,Y
0030,PMC0_LINK_OK,31,31,1,0,1,N,N,Y
0030,PMC0_LINE_1_SIGNAL_STABLE,14,14,1,0,1,N,N,Y
0030,PMC0_LINE_1_SIGNAL_LOST,13,13,1,0,1,N,N,Y
0030,PMC0_LINE_1_DELAY,8,12,1,0,31,N,N,Y
0030,PMC0_LINE_0_SIGNAL_STABLE,6,6,1,0,1,N,N,Y
0030,PMC0_LINE_0_SIGNAL_LOST,5,5,1,0,1,N,N,Y
0030,PMC0_LINE_0_DELAY,0,4,1,0,31,N,N,Y
0030,PMC0_LINE_2_DELAY,16,20,1,0,31,N,N,Y
0031,PMC1_LINE_3_SIGNAL_STABLE,30,30,1,0,1,N,N,Y
0031,PMC1_LINE_3_SIGNAL_LOST,29,29,1,0,1,N,N,Y
0031,PMC1_LINE_3_DELAY,24,28,1,0,31,N,N,Y
0031,PMC1_BIT_POSITION_OK,23,23,1,0,1,N,N,Y
0031,PMC1_LINE_2_SIGNAL_STABLE,22,22,1,0,1,N,N,Y
0031,PMC1_LINE_2_SIGNAL_LOST,21,21,1,0,1,N,N,Y
0031,PMC1_LINE_2_DELAY,16,20,1,0,31,N,N,Y
0031,PMC1_LINE_1_SIGNAL_STABLE,14,14,1,0,1,N,N,Y
0031,PMC1_LINE_1_SIGNAL_LOST,13,13,1,0,1,N,N,Y
0031,PMC1_LINE_1_DELAY,8,12,1,0,31,N,N,Y
0031,PMC1_LINE_0_SIGNAL_STABLE,6,6,1,0,1,N,N,Y
0031,PMC1_LINE_0_SIGNAL_LOST,5,5,1,0,1,N,N,Y
0031,PMC1_LINE_0_DELAY,0,4,1,0,31,N,N,Y
0031,PMC1_LINK_OK,31,31,1,0,1,N,N,Y
0032,PMC2_LINE_0_DELAY,0,4,1,0,31,N,N,Y
0032,PMC2_LINE_0_SIGNAL_LOST,5,5,1,0,1,N,N,Y
0032,PMC2_LINK_OK,31,31,1,0,1,N,N,Y
0032,PMC2_LINE_3_SIGNAL_STABLE,30,30,1,0,1,N,N,Y
0032,PMC2_LINE_3_SIGNAL_LOST,29,29,1,0,1,N,N,Y
0032,PMC2_LINE_3_DELAY,24,28,1,0,31,N,N,Y
0032,PMC2_BIT_POSITION_OK,23,23,1,0,1,N,N,Y
0032,PMC2_LINE_2_SIGNAL_STABLE,22,22,1,0,1,N,N,Y
0032,PMC2_LINE_2_SIGNAL_LOST,21,21,1,0,1,N,N,Y
0032,PMC2_LINE_2_DELAY,16,20,1,0,31,N,N,Y
0032,PMC2_LINE_1_SIGNAL_STABLE,14,14,1,0,1,N,N,Y
0032,PMC2_LINE_1_SIGNAL_LOST,13,13,1,0,1,N,N,Y
0032,PMC2_LINE_1_DELAY,8,12,1,0,31,N,N,Y
0032,PMC2_LINE_0_SIGNAL_STABLE,6,6,1,0,1,N,N,Y
0033,PMC3_LINE_0_DELAY,0,4,1,0,31,N,N,Y
0033,PMC3_LINE_3_SIGNAL_STABLE,30,30,1,0,1,N,N,Y
0033,PMC3_LINE_3_SIGNAL_LOST,29,29,1,0,1,N,N,Y
0033,PMC3_LINE_3_DELAY,24,28,1,0,31,N,N,Y
0033,PMC3_BIT_POSITION_OK,23,23,1,0,1,N,N,Y
0033,PMC3_LINE_2_SIGNAL_STABLE,22,22,1,0,1,N,N,Y
0033,PMC3_LINK_OK,31,31,1,0,1,N,N,Y
0033,PMC3_LINE_2_DELAY,16,20,1,0,31,N,N,Y
0033,PMC3_LINE_1_SIGNAL_STABLE,14,14,1,0,1,N,N,Y
0033,PMC3_LINE_1_SIGNAL_LOST,13,13,1,0,1,N,N,Y
0033,PMC3_LINE_1_DELAY,8,12,1,0,31,N,N,Y
0033,PMC3_LINE_0_SIGNAL_STABLE,6,6,1,0,1,N,N,Y
0033,PMC3_LINE_0_SIGNAL_LOST,5,5,1,0,1,N,N,Y
0033,PMC3_LINE_2_SIGNAL_LOST,21,21,1,0,1,N,N,Y
0034,PMC4_LINE_2_SIGNAL_STABLE,22,22,1,0,1,N,N,Y
0034,PMC4_BIT_POSITION_OK,23,23,1,0,1,N,N,Y
0034,PMC4_LINE_3_DELAY,24,28,1,0,31,N,N,Y
0034,PMC4_LINE_3_SIGNAL_LOST,29,29,1,0,1,N,N,Y
0034,PMC4_LINE_3_SIGNAL_STABLE,30,30,1,0,1,N,N,Y
0034,PMC4_LINK_OK,31,31,1,0,1,N,N,Y
0034,PMC4_LINE_0_DELAY,0,4,1,0,31,N,N,Y
0034,PMC4_LINE_0_SIGNAL_LOST,5,5,1,0,1,N,N,Y
0034,PMC4_LINE_0_SIGNAL_STABLE,6,6,1,0,1,N,N,Y
0034,PMC4_LINE_1_DELAY,8,12,1,0,31,N,N,Y
0034,PMC4_LINE_1_SIGNAL_LOST,13,13,1,0,1,N,N,Y
0034,PMC4_LINE_1_SIGNAL_STABLE,14,14,1,0,1,N,N,Y
0034,PMC4_LINE_2_DELAY,16,20,1,0,31,N,N,Y
0034,PMC4_LINE_2_SIGNAL_LOST,21,21,1,0,1,N,N,Y
0035,PMC5_LINE_1_SIGNAL_LOST,13,13,1,0,1,N,N,Y
0035,PMC5_LINE_1_SIGNAL_STABLE,14,14,1,0,1,N,N,Y
0035,PMC5_LINE_2_DELAY,16,20,1,0,31,N,N,Y
0035,PMC5_LINE_2_SIGNAL_LOST,21,21,1,0,1,N,N,Y
0035,PMC5_LINE_2_SIGNAL_STABLE,22,22,1,0,1,N,N,Y
0035,PMC5_BIT_POSITION_OK,23,23,1,0,1,N,N,Y
0035,PMC5_LINE_3_DELAY,24,28,1,0,31,N,N,Y
0035,PMC5_LINE_3_SIGNAL_LOST,29,29,1,0,1,N,N,Y
0035,PMC5_LINE_3_SIGNAL_STABLE,30,30,1,0,1,N,N,Y
0035,PMC5_LINK_OK,31,31,1,0,1,N,N,Y
0035,PMC5_LINE_0_DELAY,0,4,1,0,31,N,N,Y
0035,PMC5_LINE_0_SIGNAL_LOST,5,5,1,0,1,N,N,Y
0035,PMC5_LINE_0_SIGNAL_STABLE,6,6,1,0,1,N,N,Y
0035,PMC5_LINE_1_DELAY,8,12,1,0,31,N,N,Y
0036,PMC6_LINE_1_SIGNAL_STABLE,14,14,1,0,1,N,N,Y
0036,PMC6_LINE_1_SIGNAL_LOST,13,13,1,0,1,N,N,Y
0036,PMC6_LINE_1_DELAY,8,12,1,0,31,N,N,Y
0036,PMC6_LINE_0_SIGNAL_STABLE,6,6,1,0,1,N,N,Y
0036,PMC6_LINE_0_SIGNAL_LOST,5,5,1,0,1,N,N,Y
0036,PMC6_LINE_0_DELAY,0,4,1,0,31,N,N,Y
0036,PMC6_LINK_OK,31,31,1,0,1,N,N,Y
0036,PMC6_LINE_2_SIGNAL_LOST,21,21,1,0,1,N,N,Y
0036,PMC6_LINE_2_SIGNAL_STABLE,22,22,1,0,1,N,N,Y
0036,PMC6_BIT_POSITION_OK,23,23,1,0,1,N,N,Y
0036,PMC6_LINE_3_DELAY,24,28,1,0,31,N,N,Y
0036,PMC6_LINE_3_SIGNAL_LOST,29,29,1,0,1,N,N,Y
0036,PMC6_LINE_3_SIGNAL_STABLE,30,30,1,0,1,N,N,Y
0036,PMC6_LINE_2_DELAY,16,20,1,0,31,N,N,Y
0037,PMC7_LINE_1_SIGNAL_STABLE,14,14,1,0,1,N,N,Y
0037,PMC7_LINE_1_SIGNAL_LOST,13,13,1,0,1,N,N,Y
0037,PMC7_LINE_1_DELAY,8,12,1,0,31,N,N,Y
0037,PMC7_LINE_0_SIGNAL_STABLE,6,6,1,0,1,N,N,Y
0037,PMC7_LINE_0_SIGNAL_LOST,5,5,1,0,1,N,N,Y
0037,PMC7_LINE_0_DELAY,0,4,1,0,31,N,N,Y
0037,PMC7_LINE_2_DELAY,16,20,1,0,31,N,N,Y
0037,PMC7_LINK_OK,31,31,1,0,1,N,N,Y
0037,PMC7_LINE_3_SIGNAL_STABLE,30,30,1,0,1,N,N,Y
0037,PMC7_LINE_3_SIGNAL_LOST,29,29,1,0,1,N,N,Y
0037,PMC7_LINE_3_DELAY,24,28,1,0,31,N,N,Y
0037,PMC7_BIT_POSITION_OK,23,23,1,0,1,N,N,Y
0037,PMC7_LINE_2_SIGNAL_STABLE,22,22,1,0,1,N,N,Y
0037,PMC7_LINE_2_SIGNAL_LOST,21,21,1,0,1,N,N,Y
0038,PMC8_LINE_0_DELAY,0,4,1,0,31,N,N,Y
0038,PMC8_LINE_0_SIGNAL_LOST,5,5,1,0,1,N,N,Y
0038,PMC8_LINE_0_SIGNAL_STABLE,6,6,1,0,1,N,N,Y
0038,PMC8_LINE_1_DELAY,8,12,1,0,31,N,N,Y
0038,PMC8_LINE_1_SIGNAL_LOST,13,13,1,0,1,N,N,Y
0038,PMC8_LINE_1_SIGNAL_STABLE,14,14,1,0,1,N,N,Y
0038,PMC8_LINK_OK,31,31,1,0,1,N,N,Y
0038,PMC8_LINE_3_SIGNAL_LOST,29,29,1,0,1,N,N,Y
0038,PMC8_LINE_3_DELAY,24,28,1,0,31,N,N,Y
0038,PMC8_BIT_POSITION_OK,23,23,1,0,1,N,N,Y
0038,PMC8_LINE_2_SIGNAL_STABLE,22,22,1,0,1,N,N,Y
0038,PMC8_LINE_2_SIGNAL_LOST,21,21,1,0,1,N,N,Y
0038,PMC8_LINE_2_DELAY,16,20,1,0,31,N,N,Y
0038,PMC8_LINE_3_SIGNAL_STABLE,30,30,1,0,1,N,N,Y
0039,PMC9_LINE_3_SIGNAL_LOST,29,29,1,0,1,N,N,Y
0039,PMC9_LINE_3_SIGNAL_STABLE,30,30,1,0,1,N,N,Y
0039,PMC9_LINK_OK,31,31,1,0,1,N,N,Y
0039,PMC9_LINE_0_DELAY,0,4,1,0,31,N,N,Y
0039,PMC9_LINE_0_SIGNAL_LOST,5,5,1,0,1,N,N,Y
0039,PMC9_LINE_0_SIGNAL_STABLE,6,6,1,0,1,N,N,Y
0039,PMC9_LINE_1_DELAY,8,12,1,0,31,N,N,Y
0039,PMC9_LINE_1_SIGNAL_LOST,13,13,1,0,1,N,N,Y
0039,PMC9_LINE_1_SIGNAL_STABLE,14,14,1,0,1,N,N,Y
0039,PMC9_LINE_2_DELAY,16,20,1,0,31,N,N,Y
0039,PMC9_LINE_2_SIGNAL_LOST,21,21,1,0,1,N,N,Y
0039,PMC9_LINE_2_SIGNAL_STABLE,22,22,1,0,1,N,N,Y
0039,PMC9_BIT_POSITION_OK,23,23,1,0,1,N,N,Y
0039,PMC9_LINE_3_DELAY,24,28,1,0,31,N,N,Y
003A,SIDE_C_CHANNEL_MASK,0,9,1,,,N,N,N
003A,SIDE_C_READY,31,31,1,0,1,N,N,N
003A,SIDE_C_SYNC_ERROR_CHANNEL_C1,18,18,1,0,1,N,N,N
003A,SIDE_C_SYNC_ERROR_CHANNEL_C2,19,19,1,0,1,N,N,N
003A,SIDE_C_SYNC_ERROR_CHANNEL_C3,20,20,1,0,1,N,N,N
003A,SIDE_C_SYNC_ERROR_CHANNEL_C4,21,21,1,0,1,N,N,N
003A,SIDE_C_SYNC_ERROR_CHANNEL_C5,22,22,1,0,1,N,N,N
003A,SIDE_C_SYNC_ERROR_CHANNEL_C6,23,23,1,0,1,N,N,N
003A,SIDE_C_SYNC_ERROR_CHANNEL_C7,24,24,1,0,1,N,N,N
003A,SIDE_C_SYNC_ERROR_CHANNEL_C8,25,25,1,0,1,N,N,N
003A,SIDE_C_SYNC_ERROR_CHANNEL_C9,26,26,1,0,1,N,N,N
003A,SIDE_C_MASTER_LINK_DELAY_ERROR,27,27,1,0,1,N,N,N
003A,SIDE_C_ENABLED,28,28,1,0,1,N,N,N
003A,SIDE_C_DELAY_RANGE_ERROR,29,29,1,0,1,N,N,N
003A,SIDE_C_READY_BIT_CHANGES_STATE,30,30,1,0,1,N,N,N
003A,SIDE_C_SYNC_ERROR_CHANNEL_C0,17,17,1,0,1,N,N,N
0050,COUNTER_READ_INTERVAL,0,2,1,0,7,N,N,N
0060,TRIGGER_5_SIGNATURE,0,13,1,,,N,N,N
0061,TRIGGER_5_RANDOM_RATE,0,30,1,,,N,N,N
0062,TRIGGER_4_SIGNATURE,0,13,1,,,N,N,N
0063,TRIGGER_4_RANDOM_RATE,0,30,1,,,N,N,N
0064,TRIGGER_2_SIGNATURE,0,13,1,,,N,N,N
0065,TRIGGER_2_RANDOM_RATE,0,30,1,,,N,N,N
0066,TRIGGER_1_SIGNATURE,0,13,1,,,N,N,N
0067,TRIGGER_1_RANDOM_RATE,0,30,1,,,N,N,N
0068,TRIGGER_3_SIGNATURE,0,13,1,,,N,N,N
0069,TRIGGER_3_RANDOM_RATE,0,30,1,,,N,N,N
006A,TRIGGER_5_OUTPUT_MODE,0,1,1,0,3,N,N,N
006A,TRIGGER_5_OUTPUT_ENABLED,2,2,1,0,1,N,N,N
006A,TRIGGER_4_OUTPUT_MODE,3,4,1,0,3,N,N,N
006A,TRIGGER_4_OUTPUT_ENABLED,5,5,1,0,1,N,N,N
006A,TRIGGER_2_OUTPUT_MODE,6,7,1,0,3,N,N,N
006A,TRIGGER_2_OUTPUT_ENABLED,8,8,1,0,1,N,N,N
006A,TRIGGER_1_OUTPUT_MODE,9,10,1,0,3,N,N,N
006A,TRIGGER_1_OUTPUT_ENABLED,11,11,1,0,1,N,N,N
006A,TRIGGER_3_OUTPUT_MODE,12,13,1,0,3,N,N,N
006A,TRIGGER_3_OUTPUT_ENABLED,14,14,1,0,1,N,N,N
0070,TRIGGER_5_COUNTER,0,31,1,,,N,N,Y
0071,TRIGGER_4_COUNTER,0,31,1,,,N,N,Y
0072,TRIGGER_2_COUNTER,0,31,1,,,N,N,Y
0073,TRIGGER_1_COUNTER,0,31,1,,,N,N,Y
0074,TRIGGER_3_COUNTER,0,31,1,,,N,N,Y
0075,BACKGROUND_0_COUNTER,0,31,1,,,N,N,Y
0076,BACKGROUND_1_COUNTER,0,31,1,,,N,N,Y
0077,BACKGROUND_2_COUNTER,0,31,1,,,N,N,Y
0078,BACKGROUND_3_COUNTER,0,31,1,,,N,N,Y
0079,BACKGROUND_4_COUNTER,0,31,1,,,N,N,Y
007A,BACKGROUND_5_COUNTER,0,31,1,,,N,N,Y
007B,BACKGROUND_6_COUNTER,0,31,1,,,N,N,Y
007C,BACKGROUND_7_COUNTER,0,31,1,,,N,N,Y
007D,BACKGROUND_8_COUNTER,0,31,1,,,N,N,Y
007E,BACKGROUND_9_COUNTER,0,31,1,,,N,N,Y
00D8,GBT_DATA_EMULATION_MODE,0,3,1,,,N,N,N
00D8,GBT_TRIGGERS_EMULATION_MODE,4,7,1,,,N,N,N
00D8,GBT_EMU_ORBIT_JUMP,25,25,1,,,N,N,N
00D8,GBT_SHIFT_RX_PHASE,24,24,1,,,N,N,N
00D8,GBT_HB_REJECT,23,23,1,,,N,N,N
00D8,GBT_FORCE_IDLE,22,22,1,,,N,N,N
00D8,GBT_BYPASS_MODE,21,21,1,,,N,N,N
00D8,GBT_HB_RESPONSE,20,20,1,,,N,N,N
00D8,GBT_CTP_EMULATION_RUN_TYPE,16,19,1,,,N,N,N
00D8,GBT_RESET_ORBIT_SYNC,8,8,1,,,N,N,N
00D8,GBT_RESET_DATA_COUNTERS,9,9,1,,,N,N,N
00D8,GBT_START_OF_EMULATION,10,10,1,,,N,N,N
00D8,GBT_RESET_RX_ERROR,11,11,1,,,N,N,N
00D8,GBT_RESET,12,12,1,,,N,N,N
00D8,GBT_RESET_RX_PHASE_ERROR,13,13,1,,,N,N,N
00D8,GBT_RESET_READOUT_FSM,14,14,1,,,N,N,N
00D8,GBT_RESET_ERROR_REPORT_FIFO,15,15,1,,,N,N,N
00D9,GBT_TRIGGER_RESPOND_MASK,0,31,1,,,N,N,N
00DA,GBT_DG_BUNCH_PATTERN,0,31,1,,,N,N,N
00DB,GBT_UNKNOWN_01,0,31,1,,,N,N,N
00DC,GBT_EMULATED_TRIGGERS_PATTERN_LSB,0,31,1,,,N,N,N
00DD,GBT_EMULATED_TRIGGERS_PATTERN_MSB,0,31,1,,,N,N,N
00DE,GBT_EMULATED_TRIGGERS_VALUE,0,31,1,,,N,N,N
00DF,GBT_EMULATION_RATE_DATA,0,15,1,,,N,N,N
00DF,GBT_EMULATION_RATE_TRIGGERS,16,31,1,,,N,N,N
00E0,GBT_EMULATED_HBR_TRIGGERS_RATE_FREQ_OFFSET,28,31,1,,,N,N,N
00E0,GBT_TRIGGER_GENERATOR_FREQ_OFFSET,16,27,1,0,3563,N,N,N
00E0,GBT_DATA_GENERATOR_FREQ_OFFSET,0,11,1,0,3563,N,N,N
00E1,GBT_RDH_FEE_ID,0,15,1,,,N,N,N
00E1,GBT_RDH_PRIORITY_BIT,24,31,1,,,N,N,N
00E1,GBT_RDH_SYSTEM_ID,16,23,1,,,N,N,N
00E2,GBT_UNKNOWN_02,0,31,1,,,N,N,N
00E3,GBT_BCID_OFFSET,0,11,1,0,3563,N,N,N
00E4,GBT_DATA_SELECT_TRIGGER_MASK,0,31,1,,,N,N,N
00E8,GBT_RX_PHASE_ERROR,9,9,1,,,N,N,Y
00E8,GBT_BOARD_RUN_MODE,16,19,1,,,N,N,Y
00E8,GBT_BCID_SYNC_MODE,20,23,1,,,N,N,Y
00E8,GBT_RX_PHASE,24,27,1,,,N,N,Y
00E8,GBT_RX_ERROR_LATCH,8,8,1,,,N,N,Y
00E8,GBT_RX_ERROR,7,7,1,,,N,N,Y
00E8,GBT_RX_READY,6,6,1,,,N,N,Y
00E8,GBT_TX_FSM_RESET_DONE,5,5,1,,,N,N,Y
00E8,GBT_TX_RESET_DONE,4,4,1,,,N,N,Y
00E8,GBT_MGT_LINK_READY,3,3,1,,,N,N,Y
00E8,GBT_RX_FRAMECLK_READY,2,2,1,,,N,N,Y
00E8,GBT_RX_WORDCLK_READY,1,1,1,,,N,N,Y
00E8,GBT_PHASE_ALIGNER_CPLL_LOCK,0,0,1,,,N,N,Y
00E8,GBT_CRU_RUN_MODE,28,31,1,,,N,N,Y
00E9,GBT_CRU_ORBIT,0,31,1,,,N,N,Y
00EA,GBT_FIFO_EMPTY_HEADER,0,0,1,,,N,N,Y
00EA,GBT_FIFO_DATA_NOT_READY,31,31,1,,,N,N,Y
00EA,GBT_BC_SYNC_LOST_IN_RUN,26,26,1,,,N,N,Y
00EA,GBT_FIFO_EMPTY_DATA,1,1,1,,,N,N,Y
00EA,GBT_FIFO_EMPTY_TRG,2,2,1,,,N,N,Y
00EA,GBT_FIFO_EMPTY_SLCT,3,3,1,,,N,N,Y
00EA,GBT_FIFO_EMPTY_CNT_PACK,4,4,1,,,N,N,Y
00EA,GBT_FIFO_EMPTY_ERROR_REPORT,5,5,1,,,N,N,Y
00EA,GBT_FIFO_EMPTY_SLCT_WHILE_READ,16,16,1,,,N,N,Y
00EA,GBT_FIFO_SLCT_NOT_EMPTY_ON_RUN_START,17,17,1,,,N,N,Y
00EA,GBT_FIFO_CNT_PACK_NOT_EMPTY_ON_RUN_START,18,18,1,,,N,N,Y
00EA,GBT_FIFO_TRG_NOT_EMPTY_ON_RUN_START,19,19,1,,,N,N,Y
00EA,GBT_FIFO_TRG_FULL,20,20,1,,,N,N,Y
00EA,GBT_FIFO_DATA_NOT_EMPTY_ON_RUN_START,21,21,1,,,N,N,Y
00EA,GBT_FIFO_HEADER_NOT_EMPTY_ON_RUN_START,22,22,1,,,N,N,Y
00EA,GBT_FIFO_TCM_DATA_FULL,23,23,1,,,N,N,Y
00EA,GBT_PM_PACKET_CORRUPTED_EXTRA_WORD,24,24,1,,,N,N,Y
00EA,GBT_PM_PACKET_CORRUPTED_EARLY_HEADER,25,25,1,,,N,N,Y
00EB,GBT_FIFO_COUNT_RAW,0,15,1,,,N,N,Y
00EB,GBT_FIFO_COUNT_SELECTOR,16,31,1,,,N,N,Y
00EC,GBT_SELECTOR_FIRST_HIT_DROPPED_ORBIT,0,31,1,,,N,N,Y
00ED,GBT_WORDS_COUNT,0,31,1,,,N,N,Y
00EE,GBT_BC_INDICATOR_DATA,0,11,1,,,N,N,Y
00EE,GBT_BC_MODALITY_DATA,12,15,1,,,N,N,Y
00EE,GBT_BC_INDICATOR_TRG,16,27,1,,,N,N,Y
00EE,GBT_BC_MODALITY_TRG,28,31,1,,,N,N,Y
00EF,GBT_READOUT_RATE,0,16,1,,,N,N,Y
00F1,GBT_EVENTS_COUNT,0,31,1,,,N,N,Y
00F2,GBT_ERROR_REPORT,0,31,36,,,N,Y,Y
00F7,ATX_MEGA_128A3U_MICROCODE_TIMESTAMP_SECOND,0,5,1,,,N,N,Y
00F7,ATX_MEGA_128A3U_MICROCODE_TIMESTAMP_MINUTE,6,11,1,,,N,N,Y
00F7,ATX_MEGA_128A3U_MICROCODE_TIMESTAMP_HOUR,12,16,1,,,N,N,Y
00F7,ATX_MEGA_128A3U_MICROCODE_TIMESTAMP_YEAR,17,22,1,,,N,N,Y
00F7,ATX_MEGA_128A3U_MICROCODE_TIMESTAMP_MONTH,23,26,1,,,N,N,Y
00F7,ATX_MEGA_128A3U_MICROCODE_TIMESTAMP_DAY,27,31,1,,,N,N,Y
00F8,FW_UPGRADE_COMMAND,0,7,1,,,N,N,N
00F8,FW_UPGRADE_START_BYTE_ADDRESS,8,31,1,,,N,N,N
00F9,FW_UPGRADE_DATA,0,31,1,,,N,N,N
00FA,FW_UPGRADE_END_BYTE_ADDRESS,0,23,1,,,N,N,N
00FB,FW_UPGRADE_STATUS,0,17,1,,,N,N,N
00FC,FPGA_TEMP,0,31,1,,,N,N,Y
00FD,1V_POWER,0,31,1,,,N,N,Y
00FE,1_8V_POWER,0,31,1,,,N,N,Y
00FF,FPGA_FW_TIMESTAMP_SECONDS,0,5,1,,,N,N,Y
00FF,FPGA_FW_TIMESTAMP_MINUTE,6,11,1,,,N,N,Y
00FF,FPGA_FW_TIMESTAMP_HOUR,12,16,1,,,N,N,Y
00FF,FPGA_FW_TIMESTAMP_YEAR,17,22,1,,,N,N,Y
00FF,FPGA_FW_TIMESTAMP_MONTH,23,26,1,,,N,N,Y
00FF,FPGA_FW_TIMESTAMP_DAY,27,31,1,,,N,N,Y
0100,COUNTERS_VALUES_READOUT,0,31,15,,,N,Y,Y
0101,COUNTERS_FIFO_LOAD,0,9,1,,,N,N,Y

0200,OR_GATE,0,7,1,0,3315,N,N,N
0200,FDD_COINCIDENCE_MODE,8,8,1,0,1,N,N,N
0201,CH01_TIME_ALIGN,0,11,1,,,Y,N,N
0201,CH01_TIME_ALIGN_TRG,12,12,1,0,1,N,N,N
0202,CH02_TIME_ALIGN,0,11,1,,,N,N,N
0202,CH02_TIME_ALIGN_TRG,12,12,1,0,1,N,N,N
0203,CH03_TIME_ALIGN,0,11,1,,,Y,N,N
0203,CH03_TIME_ALIGN_TRG,12,12,1,0,1,N,N,N
0204,CH04_TIME_ALIGN,0,11,1,,,Y,N,N
0204,CH04_TIME_ALIGN_TRG,12,12,1,0,1,N,N,N
0205,CH05_TIME_ALIGN,0,11,1,,,Y,N,N
0205,CH05_TIME_ALIGN_TRG,12,12,1,0,1,N,N,N
0206,CH06_TIME_ALIGN,0,11,1,,,Y,N,N
0206,CH06_TIME_ALIGN_TRG,12,12,1,0,1,N,N,N
0207,CH07_TIME_ALIGN,0,11,1,,,Y,N,N
0207,CH07_TIME_ALIGN_TRG,12,12,1,0,1,N,N,N
0208,CH08_TIME_ALIGN,0,11,1,,,Y,N,N
0208,CH08_TIME_ALIGN_TRG,12,12,1,0,1,N,N,N
0209,CH09_TIME_ALIGN,0,11,1,,,Y,N,N
0209,CH09_TIME_ALIGN_TRG,12,12,1,0,1,N,N,N
020A,CH10_TIME_ALIGN,0,11,1,,,Y,N,N
020A,CH10_TIME_ALIGN_TRG,12,12,1,0,1,N,N,N
020B,CH11_TIME_ALIGN,0,11,1,,,Y,N,N
020B,CH11_TIME_ALIGN_TRG,12,12,1,0,1,N,N,N
020C,CH12_TIME_ALIGN,0,11,1,,,Y,N,N
020C,CH12_TIME_ALIGN_TRG,12,12,1,0,1,N,N,N
020D,CH01_ADC0_BASELINE,0,11,1,0,4095,N,N,Y
020E,CH01_ADC1_BASELINE,0,11,1,0,4095,N,N,Y
020F,CH02_ADC0_BASELINE,0,11,1,0,4095,N,N,Y
0210,CH02_ADC1_BASELINE,0,11,1,0,4095,N,N,Y
0211,CH03_ADC0_BASELINE,0,11,1,0,4095,N,N,Y
0212,CH03_ADC1_BASELINE,0,11,1,0,4095,N,N,Y
0213,CH04_ADC0_BASELINE,0,11,1,0,4095,N,N,Y
0214,CH04_ADC1_BASELINE,0,11,1,0,4095,N,N,Y
0215,CH05_ADC0_BASELINE,0,11,1,0,4095,N,N,Y
0216,CH05_ADC1_BASELINE,0,11,1,0,4095,N,N,Y
0217,CH06_ADC0_BASELINE,0,11,1,0,4095,N,N,Y
0218,CH06_ADC1_BASELINE,0,11,1,0,4095,N,N,Y
0219,CH07_ADC0_BASELINE,0,11,1,0,4095,N,N,Y
021A,CH07_ADC1_BASELINE,0,11,1,0,4095,N,N,Y
021B,CH08_ADC0_BASELINE,0,11,1,0,4095,N,N,Y
021C,CH08_ADC1_BASELINE,0,11,1,0,4095,N,N,Y
021D,CH09_ADC0_BASELINE,0,11,1,0,4095,N,N,Y
021E,CH09_ADC1_BASELINE,0,11,1,0,4095,N,N,Y
021F,CH10_ADC0_BASELINE,0,11,1,0,4095,N,N,Y
0220,CH10_ADC1_BASELINE,0,11,1,0,4095,N,N,Y
0221,CH11_ADC0_BASELINE,0,11,1,0,4095,N,N,Y
0222,CH11_ADC1_BASELINE,0,11,1,0,4095,N,N,Y
0223,CH12_ADC0_BASELINE,0,11,1,0,4095,N,N,Y
0224,CH12_ADC1_BASELINE,0,11,1,0,4095,N,N,Y
0225,CH01_ADC0_RANGE,0,11,1,,4095,N,N,N
0226,CH01_ADC1_RANGE,0,11,1,,4095,N,N,N
0227,CH02_ADC0_RANGE,0,11,1,,4095,N,N,N
0228,CH02_ADC1_RANGE,0,11,1,,4095,N,N,N
0229,CH03_ADC0_RANGE,0,11,1,,4095,N,N,N
022A,CH03_ADC1_RANGE,0,11,1,,4095,N,N,N
022B,CH04_ADC0_RANGE,0,11,1,,4095,N,N,N
022C,CH04_ADC1_RANGE,0,11,1,,4095,N,N,N
022D,CH05_ADC0_RANGE,0,11,1,,4095,N,N,N
022E,CH05_ADC1_RANGE,0,11,1,,4095,N,N,N
022F,CH06_ADC0_RANGE,0,11,1,,4095,N,N,N
0230,CH06_ADC1_RANGE,0,11,1,,4095,N,N,N
0231,CH07_ADC0_RANGE,0,11,1,,4095,N,N,N
0232,CH07_ADC1_RANGE,0,11,1,,4095,N,N,N
0233,CH08_ADC0_RANGE,0,11,1,,4095,N,N,N
0234,CH08_ADC1_RANGE,0,11,1,,4095,N,N,N
0235,CH09_ADC0_RANGE,0,11,1,,4095,N,N,N
0236,CH09_ADC1_RANGE,0,11,1,,4095,N,N,N
0237,CH10_ADC0_RANGE,0,11,1,,4095,N,N,N
0238,CH10_ADC1_RANGE,0,11,1,,4095,N,N,N
0239,CH11_ADC0_RANGE,0,11,1,,4095,N,N,N
023A,CH11_ADC1_RANGE,0,11,1,,4095,N,N,N
023B,CH12_ADC0_RANGE,0,11,1,,4095,N,N,N
023C,CH12_ADC1_RANGE,0,11,1,,4095,N,N,N
023D,TRG_CHARGE_HIGH_LEVEL,0,11,1,0,4095,N,N,N
023D,TRG_CHARGE_LOW_LEVEL,12,15,1,0,15,N,N,N
023E,TDC1_PHASE_AUTO_FINE_TUNING_RESULT,0,7,1,,,Y,N,Y
023E,TDC2_PHASE_AUTO_FINE_TUNING_RESULT,8,15,1,,,Y,N,Y
023F,TDC3_PHASE_AUTO_FINE_TUNING_RESULT,0,7,1,,,Y,N,Y
0240,CH01_RAW_TDC_0,0,6,1,,,N,N,Y
0240,CH01_RAW_TDC_1,8,13,1,,,N,N,Y
0241,CH02_RAW_TDC_0,0,6,1,,,N,N,Y
0241,CH02_RAW_TDC_1,8,13,1,,,N,N,Y
0242,CH03_RAW_TDC_0,0,6,1,,,N,N,Y
0242,CH03_RAW_TDC_1,8,13,1,,,N,N,Y
0243,CH04_RAW_TDC_0,0,6,1,,,N,N,Y
0243,CH04_RAW_TDC_1,8,13,1,,,N,N,Y
0244,CH05_RAW_TDC_0,0,6,1,,,N,N,Y
0244,CH05_RAW_TDC_1,8,13,1,,,N,N,Y
0245,CH06_RAW_TDC_0,0,6,1,,,N,N,Y
0245,CH06_RAW_TDC_1,8,13,1,,,N,N,Y
0246,CH07_RAW_TDC_0,0,6,1,,,N,N,Y
0246,CH07_RAW_TDC_1,8,13,1,,,N,N,Y
0247,CH08_RAW_TDC_0,0,6,1,,,N,N,Y
0247,CH08_RAW_TDC_1,8,13,1,,,N,N,Y
0248,CH09_RAW_TDC_0,0,6,1,,,N,N,Y
0248,CH09_RAW_TDC_1,8,13,1,,,N,N,Y
0249,CH10_RAW_TDC_0,0,6,1,,,N,N,Y
0249,CH10_RAW_TDC_1,8,13,1,,,N,N,Y
024A,CH11_RAW_TDC_0,0,6,1,,,N,N,Y
024A,CH11_RAW_TDC_1,8,13,1,,,N,N,Y
024B,CH12_RAW_TDC_0,0,6,1,,,N,N,Y
024B,CH12_RAW_TDC_1,8,13,1,,,N,N,Y
024C,CH01_ADC0_DISPERSION,0,15,1,,,N,N,Y
024D,CH01_ADC1_DISPERSION,0,15,1,,,N,N,Y
024E,CH02_ADC0_DISPERSION,0,15,1,,,N,N,Y
024F,CH02_ADC1_DISPERSION,0,15,1,,,N,N,Y
0250,CH03_ADC0_DISPERSION,0,15,1,,,N,N,Y
0251,CH03_ADC1_DISPERSION,0,15,1,,,N,N,Y
0252,CH04_ADC0_DISPERSION,0,15,1,,,N,N,Y
0253,CH04_ADC1_DISPERSION,0,15,1,,,N,N,Y
0254,CH05_ADC0_DISPERSION,0,15,1,,,N,N,Y
0255,CH05_ADC1_DISPERSION,0,15,1,,,N,N,Y
0256,CH06_ADC0_DISPERSION,0,15,1,,,N,N,Y
0257,CH06_ADC1_DISPERSION,0,15,1,,,N,N,Y
0258,CH07_ADC0_DISPERSION,0,15,1,,,N,N,Y
0259,CH07_ADC1_DISPERSION,0,15,1,,,N,N,Y
025A,CH08_ADC0_DISPERSION,0,15,1,,,N,N,Y
025B,CH08_ADC1_DISPERSION,0,15,1,,,N,N,Y
025C,CH09_ADC0_DISPERSION,0,15,1,,,N,N,Y
025D,CH09_ADC1_DISPERSION,0,15,1,,,N,N,Y
025E,CH10_ADC0_DISPERSION,0,15,1,,,N,N,Y
025F,CH10_ADC1_DISPERSION,0,15,1,,,N,N,Y
0260,CH11_ADC0_DISPERSION,0,15,1,,,N,N,Y
0261,CH11_ADC1_DISPERSION,0,15,1,,,N,N,Y
0262,CH12_ADC0_DISPERSION,0,15,1,,,N,N,Y
0263,CH12_ADC1_DISPERSION,0,15,1,,,N,N,Y
0264,CH01_ADC0_MEAN_AMPLITUDE,0,15,1,,,Y,N,Y
0265,CH01_ADC1_MEAN_AMPLITUDE,0,15,1,,,Y,N,Y
0266,CH02_ADC0_MEAN_AMPLITUDE,0,15,1,,,Y,N,Y
0267,CH02_ADC1_MEAN_AMPLITUDE,0,15,1,,,Y,N,Y
0269,CH03_ADC1_MEAN_AMPLITUDE,0,15,1,,,Y,N,Y
026A,CH04_ADC0_MEAN_AMPLITUDE,0,15,1,,,Y,N,Y
026B,CH04_ADC1_MEAN_AMPLITUDE,0,15,1,,,Y,N,Y
026C,CH05_ADC0_MEAN_AMPLITUDE,0,15,1,,,Y,N,Y
026D,CH05_ADC1_MEAN_AMPLITUDE,0,15,1,,,Y,N,Y
026E,CH06_ADC0_MEAN_AMPLITUDE,0,15,1,,,Y,N,Y
026F,CH06_ADC1_MEAN_AMPLITUDE,0,15,1,,,Y,N,Y
0270,CH07_ADC0_MEAN_AMPLITUDE,0,15,1,,,Y,N,Y
0271,CH07_ADC1_MEAN_AMPLITUDE,0,15,1,,,Y,N,Y
0272,CH08_ADC0_MEAN_AMPLITUDE,0,15,1,,,Y,N,Y
0273,CH08_ADC1_MEAN_AMPLITUDE,0,15,1,,,Y,N,Y
0274,CH09_ADC0_MEAN_AMPLITUDE,0,15,1,,,Y,N,Y
0275,CH09_ADC1_MEAN_AMPLITUDE,0,15,1,,,Y,N,Y
0276,CH10_ADC0_MEAN_AMPLITUDE,0,15,1,,,Y,N,Y
0277,CH10_ADC1_MEAN_AMPLITUDE,0,15,1,,,Y,N,Y
0278,CH11_ADC0_MEAN_AMPLITUDE,0,15,1,,,Y,N,Y
0279,CH11_ADC1_MEAN_AMPLITUDE,0,15,1,,,Y,N,Y
027A,CH12_ADC0_MEAN_AMPLITUDE,0,15,1,,,Y,N,Y
027B,CH12_ADC1_MEAN_AMPLITUDE,0,15,1,,,Y,N,Y
027C,CHANNEL_MASK_10,9,9,1,,,N,N,N
027C,CHANNEL_MASK_11,10,10,1,,,N,N,N
027C,CHANNEL_MASK_12,11,11,1,,,N,N,N
027C,CHANNEL_MASK_09,8,8,1,,,N,N,N
027C,CHANNEL_MASK,0,11,1,,,N,N,N
027C,CHANNEL_MASK_08,7,7,1,,,N,N,N
027C,CHANNEL_MASK_07,6,6,1,,,N,N,N
027C,CHANNEL_MASK_06,5,5,1,,,N,N,N
027C,CHANNEL_MASK_01,0,0,1,,,N,N,N
027C,CHANNEL_MASK_02,1,1,1,,,N,N,N
027C,CHANNEL_MASK_03,2,2,1,,,N,N,N
027C,CHANNEL_MASK_04,3,3,1,,,N,N,N
027C,CHANNEL_MASK_05,4,4,1,,,N,N,N
027D,CHANNEL_ADC_BASELINE_IS_OUT_OF_RANGE_MASK,0,11,1,,,N,N,Y
027E,HIST_ON,15,15,1,,,N,N,N
027E,HIST_RESET,13,13,1,,,N,N,N
027E,HIST_BCID_FILTER_ON,12,12,1,,,N,N,N
027E,HIST_BCID_TO_FILTER,0,11,1,,3563,N,N,N
027F,TDC1_SYNC_ERROR,6,6,1,,,N,N,N
027F,GBT_RECEIVER_ERROR,5,5,1,,,N,N,N
027F,BOARD_STATUS_GBT_RX_READY,4,4,1,,,N,N,N
027F,TDC3_PLL_LOCKED,3,3,1,,,N,N,N
027F,TDC2_PLL_LOCKED,2,2,1,,,N,N,N
027F,TDC1_PLL_LOCKED,1,1,1,,,N,N,N
027F,MAIN_PLL_LOCKED,0,0,1,,,N,N,N
027F,DROPPING_HITS,14,14,1,,,N,N,N
027F,BCID_SYNC_LOST,13,13,1,,,N,N,N
027F,GBT_RX_PHASE_ERROR,12,12,1,,,N,N,N
027F,PM_RESTART_DETECTED,11,11,1,,,N,N,N
027F,TRG_COUNTERS_MODE,10,10,1,,,N,N,N
027F,RESET_COUNTERS_AND_HISTOGRAMS,9,9,1,,,N,N,N
027F,TDC2_SYNC_ERROR,7,7,1,,,N,N,N
027F,TDC3_SYNC_ERROR,8,8,1,,,N,N,N
0280,CH01_CFD_THRESHOLD,0,15,1,300,30000,N,N,N
0281,CH01_CFD_ZERO,0,15,1,-500,500,Y,N,N
0282,CH01_ADC_ZERO,0,15,1,-5000,5000,Y,N,N
0283,CH01_ADC_DELAY,0,15,1,0,20000,N,N,N
0284,CH02_CFD_THRESHOLD,0,15,1,300,30000,N,N,N
0285,CH02_CFD_ZERO,0,15,1,-500,500,Y,N,N
0286,CH02_ADC_ZERO,0,15,1,-5000,5000,Y,N,N
0287,CH02_ADC_DELAY,0,15,1,0,20000,N,N,N
0288,CH03_CFD_THRESHOLD,0,15,1,300,30000,N,N,N
0289,CH03_CFD_ZERO,0,15,1,-500,500,Y,N,N
028A,CH03_ADC_ZERO,0,15,1,-5000,5000,Y,N,N
028B,CH03_ADC_DELAY,0,15,1,0,20000,N,N,N
028C,CH04_CFD_THRESHOLD,0,15,1,300,30000,N,N,N
028D,CH04_CFD_ZERO,0,15,1,-500,500,Y,N,N
028E,CH04_ADC_ZERO,0,15,1,-5000,5000,Y,N,N
028F,CH04_ADC_DELAY,0,15,1,0,20000,N,N,N
0290,CH05_CFD_THRESHOLD,0,15,1,300,30000,N,N,N
0291,CH05_CFD_ZERO,0,15,1,-500,500,Y,N,N
0292,CH05_ADC_ZERO,0,15,1,-5000,5000,Y,N,N
0293,CH05_ADC_DELAY,0,15,1,0,20000,N,N,N
0294,CH06_CFD_THRESHOLD,0,15,1,300,30000,N,N,N
0295,CH06_CFD_ZERO,0,15,1,-500,500,Y,N,N
0296,CH06_ADC_ZERO,0,15,1,-5000,5000,Y,N,N
0297,CH06_ADC_DELAY,0,15,1,0,20000,N,N,N
0298,CH07_CFD_THRESHOLD,0,15,1,300,30000,N,N,N
0299,CH07_CFD_ZERO,0,15,1,-500,500,Y,N,N
029A,CH07_ADC_ZERO,0,15,1,-5000,5000,Y,N,N
029B,CH07_ADC_DELAY,0,15,1,0,20000,N,N,N
029C,CH08_CFD_THRESHOLD,0,15,1,300,30000,N,N,N
029D,CH08_CFD_ZERO,0,15,1,-500,500,Y,N,N
029E,CH08_ADC_ZERO,0,15,1,-5000,5000,Y,N,N
029F,CH08_ADC_DELAY,0,15,1,0,20000,N,N,N
02A0,CH09_CFD_THRESHOLD,0,15,1,300,30000,N,N,N
02A1,CH09_CFD_ZERO,0,15,1,-500,500,Y,N,N
02A2,CH09_ADC_ZERO,0,15,1,-5000,5000,Y,N,N
02A3,CH09_ADC_DELAY,0,15,1,0,20000,N,N,N
02A4,CH10_CFD_THRESHOLD,0,15,1,300,30000,N,N,N
02A5,CH10_CFD_ZERO,0,15,1,-500,500,Y,N,N
02A6,CH10_ADC_ZERO,0,15,1,-5000,5000,Y,N,N
02A7,CH10_ADC_DELAY,0,15,1,0,20000,N,N,N
02A8,CH11_CFD_THRESHOLD,0,15,1,300,30000,N,N,N
02A9,CH11_CFD_ZERO,0,15,1,-500,500,Y,N,N
02AA,CH11_ADC_ZERO,0,15,1,-5000,5000,Y,N,N
02AB,CH11_ADC_DELAY,0,15,1,0,20000,N,N,N
02AC,CH12_CFD_THRESHOLD,0,15,1,300,30000,N,N,N
02AD,CH12_CFD_ZERO,0,15,1,-500,500,Y,N,N
02AE,CH12_ADC_ZERO,0,15,1,-5000,5000,Y,N,N
02AF,CH12_ADC_DELAY,0,15,1,0,20000,N,N,N
02B0,CH01_THRESHOLD_CALIBRATION,0,15,1,,28000,N,N,N
02B1,CH02_THRESHOLD_CALIBRATION,0,15,1,,28000,N,N,N
02B2,CH03_THRESHOLD_CALIBRATION,0,15,1,,28000,N,N,N
02B3,CH04_THRESHOLD_CALIBRATION,0,15,1,,28000,N,N,N
02B4,CH05_THRESHOLD_CALIBRATION,0,15,1,,28000,N,N,N
02B5,CH06_THRESHOLD_CALIBRATION,0,15,1,,28000,N,N,N
02B6,CH07_THRESHOLD_CALIBRATION,0,15,1,,28000,N,N,N
02B7,CH08_THRESHOLD_CALIBRATION,0,15,1,,28000,N,N,N
02B8,CH09_THRESHOLD_CALIBRATION,0,15,1,,28000,N,N,N
02B9,CH10_THRESHOLD_CALIBRATION,0,15,1,,28000,N,N,N
02BA,CH11_THRESHOLD_CALIBRATION,0,15,1,,28000,N,N,N
02BB,CH12_THRESHOLD_CALIBRATION,0,15,1,,28000,N,N,N
02BC,BOARD_TEMPERATURE,0,15,1,10,70,Y,N,Y
02BD,BOARD_SUBDETECTOR_TYPE,0,1,1,0,3,N,N,Y
02BD,BOARD_SERIAL_NUMBER,8,15,1,,,N,N,Y
02BE,LAST_RESTART_REASON,0,1,1,0,3,N,N,N
02C0,CH01_CTR_CFD,0,31,1,,,N,N,Y
02C1,CH01_CTR_TRG,0,31,1,,,N,N,Y
02C2,CH02_CTR_CFD,0,31,1,,,N,N,Y
02C3,CH02_CTR_TRG,0,31,1,,,N,N,Y
02C4,CH03_CTR_CFD,0,31,1,,,N,N,Y
02C5,CH03_CTR_TRG,0,31,1,,,N,N,Y
02C6,CH04_CTR_CFD,0,31,1,,,N,N,Y
02C7,CH04_CTR_TRG,0,31,1,,,N,N,Y
02C8,CH05_CTR_CFD,0,31,1,,,N,N,Y
02C9,CH05_CTR_TRG,0,31,1,,,N,N,Y
02CA,CH06_CTR_CFD,0,31,1,,,N,N,Y
02CB,CH06_CTR_TRG,0,31,1,,,N,N,Y
02CC,CH07_CTR_CFD,0,31,1,,,N,N,Y
02CD,CH07_CTR_TRG,0,31,1,,,N,N,Y
02CE,CH08_CTR_CFD,0,31,1,,,N,N,Y
02CF,CH08_CTR_TRG,0,31,1,,,N,N,Y
02D0,CH09_CTR_CFD,0,31,1,,,N,N,Y
02D1,CH09_CTR_TRG,0,31,1,,,N,N,Y
02D2,CH10_CTR_CFD,0,31,1,,,N,N,Y
02D3,CH10_CTR_TRG,0,31,1,,,N,N,Y
02D4,CH11_CTR_CFD,0,31,1,,,N,N,Y
02D5,CH11_CTR_TRG,0,31,1,,,N,N,Y
02D6,CH12_CTR_CFD,0,31,1,,,N,N,Y
02D7,CH12_CTR_TRG,0,31,1,,,N,N,Y
02D8,GBT_RESET,12,12,1,,,N,N,N
02D8,GBT_SHIFT_RX_PHASE,24,24,1,,,N,N,N
02D8,GBT_HB_REJECT,23,23,1,,,N,N,N
02D8,GBT_FORCE_IDLE,22,22,1,,,N,N,N
02D8,GBT_BYPASS_MODE,21,21,1,,,N,N,N
02D8,GBT_HB_RESPONSE,20,20,1,,,N,N,N
02D8,GBT_CTP_EMULATION_RUN_TYPE,16,19,1,,,N,N,N
02D8,GBT_RESET_ERROR_REPORT_FIFO,15,15,1,,,N,N,N
02D8,GBT_DATA_EMULATION_MODE,0,3,1,,,N,N,N
02D8,GBT_TRIGGERS_EMULATION_MODE,4,7,1,,,N,N,N
02D8,GBT_RESET_ORBIT_SYNC,8,8,1,,,N,N,N
02D8,GBT_RESET_DATA_COUNTERS,9,9,1,,,N,N,N
02D8,GBT_START_OF_EMULATION,10,10,1,,,N,N,N
02D8,GBT_RESET_RX_ERROR,11,11,1,,,N,N,N
02D8,GBT_RESET_RX_PHASE_ERROR,13,13,1,,,N,N,N
02D8,GBT_RESET_READOUT_FSM,14,14,1,,,N,N,N
02D9,GBT_TRIGGER_RESPOND_MASK,0,31,1,,,N,N,N
02DA,GBT_DG_BUNCH_PATTERN,0,31,1,,,N,N,N
02DB,TRIGGER_SINGLE_VALUE,0,31,1,,,N,N,N
02DC,GBT_EMULATED_TRIGGERS_PATTERN_MSB,0,31,1,,,N,N,N
02DD,GBT_EMULATED_TRIGGERS_PATTERN_LSB,0,31,1,,,N,N,N
02DE,GBT_EMULATED_TRIGGERS_VALUE,0,31,1,,,N,N,N
02DF,GBT_EMULATION_RATE_TRIGGERS,16,31,1,,,N,N,N
02DF,GBT_EMULATION_RATE_DATA,0,15,1,,,N,N,N
02E0,GBT_EMULATED_HBR_TRIGGERS_RATE_FREQ_OFFSET,28,31,1,,,N,N,N
02E0,GBT_DATA_GENERATOR_FREQ_OFFSET,0,11,1,0,3563,N,N,N
02E0,GBT_TRIGGER_GENERATOR_FREQ_OFFSET,16,27,1,0,3563,N,N,N
02E1,GBT_RDH_FEE_ID,0,15,1,,,N,N,N
02E1,GBT_RDH_PRIORITY_BIT,24,31,1,,,N,N,N
02E1,GBT_RDH_SYSTEM_ID,16,23,1,,,N,N,N
02E2,GBT_RDH_DET,0,15,1,,,N,N,N
02E2,GBT_RDH_MAX_PAYLOAD,16,31,1,,,N,N,N
02E3,GBT_CRU_TRIGGER_COMPARE_DELAY,16,27,1,,,N,N,N
02E3,GBT_BCID_OFFSET,0,11,1,0,3563,N,N,N
02E4,GBT_DATA_SELECT_TRIGGER_MASK,0,31,1,,,N,N,N
02E8,GBT_RX_FRAMECLK_READY,2,2,1,,,N,N,Y
02E8,GBT_RX_WORDCLK_READY,1,1,1,,,N,N,Y
02E8,GBT_PHASE_ALIGNER_CPLL_LOCK,0,0,1,,,N,N,Y
02E8,GBT_TX_RESET_DONE,4,4,1,,,N,N,Y
02E8,GBT_MGT_LINK_READY,3,3,1,,,N,N,Y
02E8,GBT_TX_FSM_RESET_DONE,5,5,1,,,N,N,Y
02E8,GBT_RX_READY,6,6,1,,,N,N,Y
02E8,GBT_RX_ERROR,7,7,1,,,N,N,Y
02E8,GBT_RX_ERROR_LATCH,8,8,1,,,N,N,Y
02E8,GBT_BOARD_RUN_MODE,16,19,1,,,N,N,Y
02E8,GBT_BCID_SYNC_MODE,20,23,1,,,N,N,Y
02E8,GBT_RX_PHASE,24,27,1,,,N,N,Y
02E8,GBT_CRU_RUN_MODE,28,31,1,,,N,N,Y
02E9,GBT_CRU_ORBIT,0,31,1,,,N,N,Y
02EA,GBT_FIFO_EMPTY_ERROR_REPORT,5,5,1,,,N,N,Y
02EA,GBT_FIFO_EMPTY_CNT_PACK,4,4,1,,,N,N,Y
02EA,GBT_FIFO_EMPTY_SLCT,3,3,1,,,N,N,Y
02EA,GBT_FIFO_EMPTY_TRG,2,2,1,,,N,N,Y
02EA,GBT_FIFO_EMPTY_DATA,1,1,1,,,N,N,Y
02EA,GBT_FIFO_EMPTY_HEADER,0,0,1,,,N,N,Y
02EA,GBT_FIFO_EMPTY_SLCT_WHILE_READ,16,16,1,,,N,N,Y
02EA,GBT_FSM_ERROR_CODE,16,27,1,,,N,N,Y
02EA,GBT_FIFO_DATA_NOT_READY,31,31,1,,,N,N,Y
02EA,GBT_BC_SYNC_LOST_IN_RUN,26,26,1,,,N,N,Y
02EA,GBT_PM_PACKET_CORRUPTED_EARLY_HEADER,25,25,1,,,N,N,Y
02EA,GBT_PM_PACKET_CORRUPTED_EXTRA_WORD,24,24,1,,,N,N,Y
02EA,GBT_FIFO_TCM_DATA_FULL,23,23,1,,,N,N,Y
02EA,GBT_FIFO_HEADER_NOT_EMPTY_ON_RUN_START,22,22,1,,,N,N,Y
02EA,GBT_FIFO_DATA_NOT_EMPTY_ON_RUN_START,21,21,1,,,N,N,Y
02EA,GBT_FIFO_SLCT_NOT_EMPTY_ON_RUN_START,17,17,1,,,N,N,Y
02EA,GBT_FIFO_CNT_PACK_NOT_EMPTY_ON_RUN_START,18,18,1,,,N,N,Y
02EA,GBT_FIFO_TRG_NOT_EMPTY_ON_RUN_START,19,19,1,,,N,N,Y
02EA,GBT_FIFO_TRG_FULL,20,20,1,,,N,N,Y
02EB,GBT_FIFO_COUNT_SELECTOR,16,31,1,,,N,N,Y
02EB,GBT_FIFO_COUNT_RAW,0,15,1,,,N,N,Y
02EC,GBT_SELECTOR_FIRST_HIT_DROPPED_ORBIT,0,31,1,,,N,N,Y
02ED,GBT_WORDS_COUNT,0,31,1,,,N,N,Y
02EE,GBT_BC_MODALITY_TRG,28,31,1,,,N,N,Y
02EE,GBT_BC_INDICATOR_TRG,16,27,1,,,N,N,Y
02EE,GBT_BC_MODALITY_DATA,12,15,1,,,N,N,Y
02EE,GBT_BC_INDICATOR_DATA,0,11,1,,,N,N,Y
02EF,GBT_READOUT_RATE,0,16,1,,,N,N,Y
02F1,GBT_EVENTS_COUNT,0,31,1,,,N,N,Y
02F2,GBT_ERROR_REPORT,0,31,36,,,N,Y,Y
02F5,CURRENT_ADDRESS_IN_HISTOGRAM_DATA,0,16,1,0,,N,N,N
02F5,CURRENT_ADDRES_IN_HISTOGRAM_DATA,0,16,1,0,96512,N,N,Y
02F6,HISTOGRAM_READOUT,0,31,8192,,,N,Y,Y
02F6,HISTOGRAM_DATA_READOUT_ODD,16,31,1,,,N,N,Y
02F6,HISTOGRAM_DATA_READOUT_EVEN,0,15,1,,,N,N,Y
02F7,ATX_MEGA_128A3U_MICROCODE_TIMESTAMP_YEAR,17,22,1,,,N,N,Y
02F7,ATX_MEGA_128A3U_MICROCODE_TIMESTAMP_MONTH,23,26,1,,,N,N,Y
02F7,ATX_MEGA_128A3U_MICROCODE_TIMESTAMP_DAY,27,31,1,,,N,N,Y
02F7,ATX_MEGA_128A3U_MICROCODE_TIMESTAMP_HOUR,12,16,1,,,N,N,Y
02F7,ATX_MEGA_128A3U_MICROCODE_TIMESTAMP_MINUTE,6,11,1,,,N,N,Y
02F7,ATX_MEGA_128A3U_MICROCODE_TIMESTAMP_SECOND,0,5,1,,,N,N,Y
02F8,FW_UPGRADE_COMMAND,0,7,1,,,N,N,N
02F8,FW_UPGRADE_START_BYTE_ADDRESS,8,31,1,,,N,N,N
02F9,FW_UPGRADE_DATA,0,31,1,,,N,N,N
02FA,FW_UPGRADE_END_BYTE_ADDRESS,0,23,1,,,N,N,N
02FB,FW_UPGRADE_STATUS,0,17,1,,,N,N,N
02FC,FPGA_TEMP,0,31,1,,,N,N,Y
02FD,1V_POWER,0,31,1,,,N,N,Y
02FE,1_8V_POWER,0,31,1,,,N,N,Y
02FF,FPGA_FW_TIMESTAMP_SECONDS,0,5,1,,,N,N,Y
02FF,FPGA_FW_TIMESTAMP_MINUTE,6,11,1,,,N,N,Y
02FF,FPGA_FW_TIMESTAMP_HOUR,12,16,1,,,N,N,Y
02FF,FPGA_FW_TIMESTAMP_YEAR,17,22,1,,,N,N,Y
02FF,FPGA_FW_TIMESTAMP_DAY,27,31,1,,,N,N,Y
02FF,FPGA_FW_TIMESTAMP_MONTH,23,26,1,,,N,N,Y
0300,COUNTERS_VALUES_READOUT,0,31,24,,,N,Y,Y
0301,COUNTERS_FIFO_LOAD,0,9,1,,,N,N,Y


0400,OR_GATE,0,7,1,0,3315,N,N,N
0400,FDD_COINCIDENCE_MODE,8,8,1,0,1,N,N,N
0401,CH01_TIME_ALIGN,0,11,1,,,Y,N,N
0401,CH01_TIME_ALIGN_TRG,12,12,1,0,1,N,N,N
0402,CH02_TIME_ALIGN,0,11,1,,,N,N,N
0402,CH02_TIME_ALIGN_TRG,12,12,1,0,1,N,N,N
0403,CH03_TIME_ALIGN,0,11,1,,,Y,N,N
0403,CH03_TIME_ALIGN_TRG,12,12,1,0,1,N,N,N
0404,CH04_TIME_ALIGN,0,11,1,,,Y,N,N
0404,CH04_TIME_ALIGN_TRG,12,12,1,0,1,N,N,N
0405,CH05_TIME_ALIGN,0,11,1,,,Y,N,N
0405,CH05_TIME_ALIGN_TRG,12,12,1,0,1,N,N,N
0406,CH06_TIME_ALIGN,0,11,1,,,Y,N,N
0406,CH06_TIME_ALIGN_TRG,12,12,1,0,1,N,N,N
0407,CH07_TIME_ALIGN,0,11,1,,,Y,N,N
0407,CH07_TIME_ALIGN_TRG,12,12,1,0,1,N,N,N
0408,CH08_TIME_ALIGN,0,11,1,,,Y,N,N
0408,CH08_TIME_ALIGN_TRG,12,12,1,0,1,N,N,N
0409,CH09_TIME_ALIGN,0,11,1,,,Y,N,N
0409,CH09_TIME_ALIGN_TRG,12,12,1,0,1,N,N,N
040A,CH10_TIME_ALIGN,0,11,1,,,Y,N,N
040A,CH10_TIME_ALIGN_TRG,12,12,1,0,1,N,N,N
040B,CH11_TIME_ALIGN,0,11,1,,,Y,N,N
040B,CH11_TIME_ALIGN_TRG,12,12,1,0,1,N,N,N
040C,CH12_TIME_ALIGN,0,11,1,,,Y,N,N
040C,CH12_TIME_ALIGN_TRG,12,12,1,0,1,N,N,N
040D,CH01_ADC0_BASELINE,0,11,1,0,4095,N,N,Y
040E,CH01_ADC1_BASELINE,0,11,1,0,4095,N,N,Y
040F,CH02_ADC0_BASELINE,0,11,1,0,4095,N,N,Y
0410,CH02_ADC1_BASELINE,0,11,1,0,4095,N,N,Y
0411,CH03_ADC0_BASELINE,0,11,1,0,4095,N,N,Y
0412,CH03_ADC1_BASELINE,0,11,1,0,4095,N,N,Y
0413,CH04_ADC0_BASELINE,0,11,1,0,4095,N,N,Y
0414,CH04_ADC1_BASELINE,0,11,1,0,4095,N,N,Y
0415,CH05_ADC0_BASELINE,0,11,1,0,4095,N,N,Y
0416,CH05_ADC1_BASELINE,0,11,1,0,4095,N,N,Y
0417,CH06_ADC0_BASELINE,0,11,1,0,4095,N,N,Y
0418,CH06_ADC1_BASELINE,0,11,1,0,4095,N,N,Y
0419,CH07_ADC0_BASELINE,0,11,1,0,4095,N,N,Y
041A,CH07_ADC1_BASELINE,0,11,1,0,4095,N,N,Y
041B,CH08_ADC0_BASELINE,0,11,1,0,4095,N,N,Y
041C,CH08_ADC1_BASELINE,0,11,1,0,4095,N,N,Y
041D,CH09_ADC0_BASELINE,0,11,1,0,4095,N,N,Y
041E,CH09_ADC1_BASELINE,0,11,1,0,4095,N,N,Y
041F,CH10_ADC0_BASELINE,0,11,1,0,4095,N,N,Y
0420,CH10_ADC1_BASELINE,0,11,1,0,4095,N,N,Y
0421,CH11_ADC0_BASELINE,0,11,1,0,4095,N,N,Y
0422,CH11_ADC1_BASELINE,0,11,1,0,4095,N,N,Y
0423,CH12_ADC0_BASELINE,0,11,1,0,4095,N,N,Y
0424,CH12_ADC1_BASELINE,0,11,1,0,4095,N,N,Y
0425,CH01_ADC0_RANGE,0,11,1,,4095,N,N,N
0426,CH01_ADC1_RANGE,0,11,1,,4095,N,N,N
0427,CH02_ADC0_RANGE,0,11,1,,4095,N,N,N
0428,CH02_ADC1_RANGE,0,11,1,,4095,N,N,N
0429,CH03_ADC0_RANGE,0,11,1,,4095,N,N,N
042A,CH03_ADC1_RANGE,0,11,1,,4095,N,N,N
042B,CH04_ADC0_RANGE,0,11,1,,4095,N,N,N
042C,CH04_ADC1_RANGE,0,11,1,,4095,N,N,N
042D,CH05_ADC0_RANGE,0,11,1,,4095,N,N,N
042E,CH05_ADC1_RANGE,0,11,1,,4095,N,N,N
042F,CH06_ADC0_RANGE,0,11,1,,4095,N,N,N
0430,CH06_ADC1_RANGE,0,11,1,,4095,N,N,N
0431,CH07_ADC0_RANGE,0,11,1,,4095,N,N,N
0432,CH07_ADC1_RANGE,0,11,1,,4095,N,N,N
0433,CH08_ADC0_RANGE,0,11,1,,4095,N,N,N
0434,CH08_ADC1_RANGE,0,11,1,,4095,N,N,N
0435,CH09_ADC0_RANGE,0,11,1,,4095,N,N,N
0436,CH09_ADC1_RANGE,0,11,1,,4095,N,N,N
0437,CH10_ADC0_RANGE,0,11,1,,4095,N,N,N
0438,CH10_ADC1_RANGE,0,11,1,,4095,N,N,N
0439,CH11_ADC0_RANGE,0,11,1,,4095,N,N,N
043A,CH11_ADC1_RANGE,0,11,1,,4095,N,N,N
043B,CH12_ADC0_RANGE,0,11,1,,4095,N,N,N
043C,CH12_ADC1_RANGE,0,11,1,,4095,N,N,N
043D,TRG_CHARGE_HIGH_LEVEL,0,11,1,0,4095,N,N,N
043D,TRG_CHARGE_LOW_LEVEL,12,15,1,0,15,N,N,N
043E,TDC1_PHASE_AUTO_FINE_TUNING_RESULT,0,7,1,,,Y,N,Y
043E,TDC2_PHASE_AUTO_FINE_TUNING_RESULT,8,15,1,,,Y,N,Y
043F,TDC3_PHASE_AUTO_FINE_TUNING_RESULT,0,7,1,,,Y,N,Y
0440,CH01_RAW_TDC_0,0,6,1,,,N,N,Y
0440,CH01_RAW_TDC_1,8,13,1,,,N,N,Y
0441,CH02_RAW_TDC_0,0,6,1,,,N,N,Y
0441,CH02_RAW_TDC_1,8,13,1,,,N,N,Y
0442,CH03_RAW_TDC_0,0,6,1,,,N,N,Y
0442,CH03_RAW_TDC_1,8,13,1,,,N,N,Y
0443,CH04_RAW_TDC_0,0,6,1,,,N,N,Y
0443,CH04_RAW_TDC_1,8,13,1,,,N,N,Y
0444,CH05_RAW_TDC_0,0,6,1,,,N,N,Y
0444,CH05_RAW_TDC_1,8,13,1,,,N,N,Y
0445,CH06_RAW_TDC_0,0,6,1,,,N,N,Y
0445,CH06_RAW_TDC_1,8,13,1,,,N,N,Y
0446,CH07_RAW_TDC_0,0,6,1,,,N,N,Y
0446,CH07_RAW_TDC_1,8,13,1,,,N,N,Y
0447,CH08_RAW_TDC_0,0,6,1,,,N,N,Y
0447,CH08_RAW_TDC_1,8,13,1,,,N,N,Y
0448,CH09_RAW_TDC_0,0,6,1,,,N,N,Y
0448,CH09_RAW_TDC_1,8,13,1,,,N,N,Y
0449,CH10_RAW_TDC_0,0,6,1,,,N,N,Y
0449,CH10_RAW_TDC_1,8,13,1,,,N,N,Y
044A,CH11_RAW_TDC_0,0,6,1,,,N,N,Y
044A,CH11_RAW_TDC_1,8,13,1,,,N,N,Y
044B,CH12_RAW_TDC_0,0,6,1,,,N,N,Y
044B,CH12_RAW_TDC_1,8,13,1,,,N,N,Y
044C,CH01_ADC0_DISPERSION,0,15,1,,,N,N,Y
044D,CH01_ADC1_DISPERSION,0,15,1,,,N,N,Y
044E,CH02_ADC0_DISPERSION,0,15,1,,,N,N,Y
044F,CH02_ADC1_DISPERSION,0,15,1,,,N,N,Y
0450,CH03_ADC0_DISPERSION,0,15,1,,,N,N,Y
0451,CH03_ADC1_DISPERSION,0,15,1,,,N,N,Y
0452,CH04_ADC0_DISPERSION,0,15,1,,,N,N,Y
0453,CH04_ADC1_DISPERSION,0,15,1,,,N,N,Y
0454,CH05_ADC0_DISPERSION,0,15,1,,,N,N,Y
0455,CH05_ADC1_DISPERSION,0,15,1,,,N,N,Y
0456,CH06_ADC0_DISPERSION,0,15,1,,,N,N,Y
0457,CH06_ADC1_DISPERSION,0,15,1,,,N,N,Y
0458,CH07_ADC0_DISPERSION,0,15,1,,,N,N,Y
0459,CH07_ADC1_DISPERSION,0,15,1,,,N,N,Y
045A,CH08_ADC0_DISPERSION,0,15,1,,,N,N,Y
045B,CH08_ADC1_DISPERSION,0,15,1,,,N,N,Y
045C,CH09_ADC0_DISPERSION,0,15,1,,,N,N,Y
045D,CH09_ADC1_DISPERSION,0,15,1,,,N,N,Y
045E,CH10_ADC0_DISPERSION,0,15,1,,,N,N,Y
045F,CH10_ADC1_DISPERSION,0,15,1,,,N,N,Y
0460,CH11_ADC0_DISPERSION,0,15,1,,,N,N,Y
0461,CH11_ADC1_DISPERSION,0,15,1,,,N,N,Y
0462,CH12_ADC0_DISPERSION,0,15,1,,,N,N,Y
0463,CH12_ADC1_DISPERSION,0,15,1,,,N,N,Y
0464,CH01_ADC0_MEAN_AMPLITUDE,0,15,1,,,Y,N,Y
0465,CH01_ADC1_MEAN_AMPLITUDE,0,15,1,,,Y,N,Y
0466,CH02_ADC0_MEAN_AMPLITUDE,0,15,1,,,Y,N,Y
0467,CH02_ADC1_MEAN_AMPLITUDE,0,15,1,,,Y,N,Y
0469,CH03_ADC1_MEAN_AMPLITUDE,0,15,1,,,Y,N,Y
046A,CH04_ADC0_MEAN_AMPLITUDE,0,15,1,,,Y,N,Y
046B,CH04_ADC1_MEAN_AMPLITUDE,0,15,1,,,Y,N,Y
046C,CH05_ADC0_MEAN_AMPLITUDE,0,15,1,,,Y,N,Y
046D,CH05_ADC1_MEAN_AMPLITUDE,0,15,1,,,Y,N,Y
046E,CH06_ADC0_MEAN_AMPLITUDE,0,15,1,,,Y,N,Y
046F,CH06_ADC1_MEAN_AMPLITUDE,0,15,1,,,Y,N,Y
0470,CH07_ADC0_MEAN_AMPLITUDE,0,15,1,,,Y,N,Y
0471,CH07_ADC1_MEAN_AMPLITUDE,0,15,1,,,Y,N,Y
0472,CH08_ADC0_MEAN_AMPLITUDE,0,15,1,,,Y,N,Y
0473,CH08_ADC1_MEAN_AMPLITUDE,0,15,1,,,Y,N,Y
0474,CH09_ADC0_MEAN_AMPLITUDE,0,15,1,,,Y,N,Y
0475,CH09_ADC1_MEAN_AMPLITUDE,0,15,1,,,Y,N,Y
0476,CH10_ADC0_MEAN_AMPLITUDE,0,15,1,,,Y,N,Y
0477,CH10_ADC1_MEAN_AMPLITUDE,0,15,1,,,Y,N,Y
0478,CH11_ADC0_MEAN_AMPLITUDE,0,15,1,,,Y,N,Y
0479,CH11_ADC1_MEAN_AMPLITUDE,0,15,1,,,Y,N,Y
047A,CH12_ADC0_MEAN_AMPLITUDE,0,15,1,,,Y,N,Y
047B,CH12_ADC1_MEAN_AMPLITUDE,0,15,1,,,Y,N,Y
047C,CHANNEL_MASK_10,9,9,1,,,N,N,N
047C,CHANNEL_MASK_11,10,10,1,,,N,N,N
047C,CHANNEL_MASK_12,11,11,1,,,N,N,N
047C,CHANNEL_MASK_09,8,8,1,,,N,N,N
047C,CHANNEL_MASK,0,11,1,,,N,N,N
047C,CHANNEL_MASK_08,7,7,1,,,N,N,N
047C,CHANNEL_MASK_07,6,6,1,,,N,N,N
047C,CHANNEL_MASK_06,5,5,1,,,N,N,N
047C,CHANNEL_MASK_01,0,0,1,,,N,N,N
047C,CHANNEL_MASK_02,1,1,1,,,N,N,N
047C,CHANNEL_MASK_03,2,2,1,,,N,N,N
047C,CHANNEL_MASK_04,3,3,1,,,N,N,N
047C,CHANNEL_MASK_05,4,4,1,,,N,N,N
047D,CHANNEL_ADC_BASELINE_IS_OUT_OF_RANGE_MASK,0,11,1,,,N,N,Y
047E,HIST_ON,15,15,1,,,N,N,N
047E,HIST_RESET,13,13,1,,,N,N,N
047E,HIST_BCID_FILTER_ON,12,12,1,,,N,N,N
047E,HIST_BCID_TO_FILTER,0,11,1,,3563,N,N,N
047F,TDC1_SYNC_ERROR,6,6,1,,,N,N,N
047F,GBT_RECEIVER_ERROR,5,5,1,,,N,N,N
047F,BOARD_STATUS_GBT_RX_READY,4,4,1,,,N,N,N
047F,TDC3_PLL_LOCKED,3,3,1,,,N,N,N
047F,TDC2_PLL_LOCKED,2,2,1,,,N,N,N
047F,TDC1_PLL_LOCKED,1,1,1,,,N,N,N
047F,MAIN_PLL_LOCKED,0,0,1,,,N,N,N
047F,DROPPING_HITS,14,14,1,,,N,N,N
047F,BCID_SYNC_LOST,13,13,1,,,N,N,N
047F,GBT_RX_PHASE_ERROR,12,12,1,,,N,N,N
047F,PM_RESTART_DETECTED,11,11,1,,,N,N,N
047F,TRG_COUNTERS_MODE,10,10,1,,,N,N,N
047F,RESET_COUNTERS_AND_HISTOGRAMS,9,9,1,,,N,N,N
047F,TDC2_SYNC_ERROR,7,7,1,,,N,N,N
047F,TDC3_SYNC_ERROR,8,8,1,,,N,N,N
0480,CH01_CFD_THRESHOLD,0,15,1,300,30000,N,N,N
0481,CH01_CFD_ZERO,0,15,1,-500,500,Y,N,N
0482,CH01_ADC_ZERO,0,15,1,-5000,5000,Y,N,N
0483,CH01_ADC_DELAY,0,15,1,0,20000,N,N,N
0484,CH02_CFD_THRESHOLD,0,15,1,300,30000,N,N,N
0485,CH02_CFD_ZERO,0,15,1,-500,500,Y,N,N
0486,CH02_ADC_ZERO,0,15,1,-5000,5000,Y,N,N
0487,CH02_ADC_DELAY,0,15,1,0,20000,N,N,N
0488,CH03_CFD_THRESHOLD,0,15,1,300,30000,N,N,N
0489,CH03_CFD_ZERO,0,15,1,-500,500,Y,N,N
048A,CH03_ADC_ZERO,0,15,1,-5000,5000,Y,N,N
048B,CH03_ADC_DELAY,0,15,1,0,20000,N,N,N
048C,CH04_CFD_THRESHOLD,0,15,1,300,30000,N,N,N
048D,CH04_CFD_ZERO,0,15,1,-500,500,Y,N,N
048E,CH04_ADC_ZERO,0,15,1,-5000,5000,Y,N,N
048F,CH04_ADC_DELAY,0,15,1,0,20000,N,N,N
0490,CH05_CFD_THRESHOLD,0,15,1,300,30000,N,N,N
0491,CH05_CFD_ZERO,0,15,1,-500,500,Y,N,N
0492,CH05_ADC_ZERO,0,15,1,-5000,5000,Y,N,N
0493,CH05_ADC_DELAY,0,15,1,0,20000,N,N,N
0494,CH06_CFD_THRESHOLD,0,15,1,300,30000,N,N,N
0495,CH06_CFD_ZERO,0,15,1,-500,500,Y,N,N
0496,CH06_ADC_ZERO,0,15,1,-5000,5000,Y,N,N
0497,CH06_ADC_DELAY,0,15,1,0,20000,N,N,N
0498,CH07_CFD_THRESHOLD,0,15,1,300,30000,N,N,N
0499,CH07_CFD_ZERO,0,15,1,-500,500,Y,N,N
049A,CH07_ADC_ZERO,0,15,1,-5000,5000,Y,N,N
049B,CH07_ADC_DELAY,0,15,1,0,20000,N,N,N
049C,CH08_CFD_THRESHOLD,0,15,1,300,30000,N,N,N
049D,CH08_CFD_ZERO,0,15,1,-500,500,Y,N,N
049E,CH08_ADC_ZERO,0,15,1,-5000,5000,Y,N,N
049F,CH08_ADC_DELAY,0,15,1,0,20000,N,N,N
04A0,CH09_CFD_THRESHOLD,0,15,1,300,30000,N,N,N
04A1,CH09_CFD_ZERO,0,15,1,-500,500,Y,N,N
04A2,CH09_ADC_ZERO,0,15,1,-5000,5000,Y,N,N
04A3,CH09_ADC_DELAY,0,15,1,0,20000,N,N,N
04A4,CH10_CFD_THRESHOLD,0,15,1,300,30000,N,N,N
04A5,CH10_CFD_ZERO,0,15,1,-500,500,Y,N,N
04A6,CH10_ADC_ZERO,0,15,1,-5000,5000,Y,N,N
04A7,CH10_ADC_DELAY,0,15,1,0,20000,N,N,N
04A8,CH11_CFD_THRESHOLD,0,15,1,300,30000,N,N,N
04A9,CH11_CFD_ZERO,0,15,1,-500,500,Y,N,N
04AA,CH11_ADC_ZERO,0,15,1,-5000,5000,Y,N,N
04AB,CH11_ADC_DELAY,0,15,1,0,20000,N,N,N
04AC,CH12_CFD_THRESHOLD,0,15,1,300,30000,N,N,N
04AD,CH12_CFD_ZERO,0,15,1,-500,500,Y,N,N
04AE,CH12_ADC_ZERO,0,15,1,-5000,5000,Y,N,N
04AF,CH12_ADC_DELAY,0,15,1,0,20000,N,N,N
04B0,CH01_THRESHOLD_CALIBRATION,0,15,1,,28000,N,N,N
04B1,CH02_THRESHOLD_CALIBRATION,0,15,1,,28000,N,N,N
04B2,CH03_THRESHOLD_CALIBRATION,0,15,1,,28000,N,N,N
04B3,CH04_THRESHOLD_CALIBRATION,0,15,1,,28000,N,N,N
04B4,CH05_THRESHOLD_CALIBRATION,0,15,1,,28000,N,N,N
04B5,CH06_THRESHOLD_CALIBRATION,0,15,1,,28000,N,N,N
04B6,CH07_THRESHOLD_CALIBRATION,0,15,1,,28000,N,N,N
04B7,CH08_THRESHOLD_CALIBRATION,0,15,1,,28000,N,N,N
04B8,CH09_THRESHOLD_CALIBRATION,0,15,1,,28000,N,N,N
04B9,CH10_THRESHOLD_CALIBRATION,0,15,1,,28000,N,N,N
04BA,CH11_THRESHOLD_CALIBRATION,0,15,1,,28000,N,N,N
04BB,CH12_THRESHOLD_CALIBRATION,0,15,1,,28000,N,N,N
04BC,BOARD_TEMPERATURE,0,15,1,10,70,Y,N,Y
04BD,BOARD_SUBDETECTOR_TYPE,0,1,1,0,3,N,N,Y
04BD,BOARD_SERIAL_NUMBER,8,15,1,,,N,N,Y
04BE,LAST_RESTART_REASON,0,1,1,0,3,N,N,N
04C0,CH01_CTR_CFD,0,31,1,,,N,N,Y
04C1,CH01_CTR_TRG,0,31,1,,,N,N,Y
04C2,CH02_CTR_CFD,0,31,1,,,N,N,Y
04C3,CH02_CTR_TRG,0,31,1,,,N,N,Y
04C4,CH03_CTR_CFD,0,31,1,,,N,N,Y
04C5,CH03_CTR_TRG,0,31,1,,,N,N,Y
04C6,CH04_CTR_CFD,0,31,1,,,N,N,Y
04C7,CH04_CTR_TRG,0,31,1,,,N,N,Y
04C8,CH05_CTR_CFD,0,31,1,,,N,N,Y
04C9,CH05_CTR_TRG,0,31,1,,,N,N,Y
04CA,CH06_CTR_CFD,0,31,1,,,N,N,Y
04CB,CH06_CTR_TRG,0,31,1,,,N,N,Y
04CC,CH07_CTR_CFD,0,31,1,,,N,N,Y
04CD,CH07_CTR_TRG,0,31,1,,,N,N,Y
04CE,CH08_CTR_CFD,0,31,1,,,N,N,Y
04CF,CH08_CTR_TRG,0,31,1,,,N,N,Y
04D0,CH09_CTR_CFD,0,31,1,,,N,N,Y
04D1,CH09_CTR_TRG,0,31,1,,,N,N,Y
04D2,CH10_CTR_CFD,0,31,1,,,N,N,Y
04D3,CH10_CTR_TRG,0,31,1,,,N,N,Y
04D4,CH11_CTR_CFD,0,31,1,,,N,N,Y
04D5,CH11_CTR_TRG,0,31,1,,,N,N,Y
04D6,CH12_CTR_CFD,0,31,1,,,N,N,Y
04D7,CH12_CTR_TRG,0,31,1,,,N,N,Y
04D8,GBT_RESET,12,12,1,,,N,N,N
04D8,GBT_SHIFT_RX_PHASE,24,24,1,,,N,N,N
04D8,GBT_HB_REJECT,23,23,1,,,N,N,N
04D8,GBT_FORCE_IDLE,22,22,1,,,N,N,N
04D8,GBT_BYPASS_MODE,21,21,1,,,N,N,N
04D8,GBT_HB_RESPONSE,20,20,1,,,N,N,N
04D8,GBT_CTP_EMULATION_RUN_TYPE,16,19,1,,,N,N,N
04D8,GBT_RESET_ERROR_REPORT_FIFO,15,15,1,,,N,N,N
04D8,GBT_DATA_EMULATION_MODE,0,3,1,,,N,N,N
04D8,GBT_TRIGGERS_EMULATION_MODE,4,7,1,,,N,N,N
04D8,GBT_RESET_ORBIT_SYNC,8,8,1,,,N,N,N
04D8,GBT_RESET_DATA_COUNTERS,9,9,1,,,N,N,N
04D8,GBT_START_OF_EMULATION,10,10,1,,,N,N,N
04D8,GBT_RESET_RX_ERROR,11,11,1,,,N,N,N
04D8,GBT_RESET_RX_PHASE_ERROR,13,13,1,,,N,N,N
04D8,GBT_RESET_READOUT_FSM,14,14,1,,,N,N,N
04D9,GBT_TRIGGER_RESPOND_MASK,0,31,1,,,N,N,N
04DA,GBT_DG_BUNCH_PATTERN,0,31,1,,,N,N,N
04DB,TRIGGER_SINGLE_VALUE,0,31,1,,,N,N,N
04DC,GBT_EMULATED_TRIGGERS_PATTERN_MSB,0,31,1,,,N,N,N
04DD,GBT_EMULATED_TRIGGERS_PATTERN_LSB,0,31,1,,,N,N,N
04DE,GBT_EMULATED_TRIGGERS_VALUE,0,31,1,,,N,N,N
04DF,GBT_EMULATION_RATE_TRIGGERS,16,31,1,,,N,N,N
04DF,GBT_EMULATION_RATE_DATA,0,15,1,,,N,N,N
04E0,GBT_EMULATED_HBR_TRIGGERS_RATE_FREQ_OFFSET,28,31,1,,,N,N,N
04E0,GBT_DATA_GENERATOR_FREQ_OFFSET,0,11,1,0,3563,N,N,N
04E0,GBT_TRIGGER_GENERATOR_FREQ_OFFSET,16,27,1,0,3563,N,N,N
04E1,GBT_RDH_FEE_ID,0,15,1,,,N,N,N
04E1,GBT_RDH_PRIORITY_BIT,24,31,1,,,N,N,N
04E1,GBT_RDH_SYSTEM_ID,16,23,1,,,N,N,N
04E2,GBT_RDH_DET,0,15,1,,,N,N,N
04E2,GBT_RDH_MAX_PAYLOAD,16,31,1,,,N,N,N
04E3,GBT_CRU_TRIGGER_COMPARE_DELAY,16,27,1,,,N,N,N
04E3,GBT_BCID_OFFSET,0,11,1,0,3563,N,N,N
04E4,GBT_DATA_SELECT_TRIGGER_MASK,0,31,1,,,N,N,N
04E8,GBT_RX_FRAMECLK_READY,2,2,1,,,N,N,Y
04E8,GBT_RX_WORDCLK_READY,1,1,1,,,N,N,Y
04E8,GBT_PHASE_ALIGNER_CPLL_LOCK,0,0,1,,,N,N,Y
04E8,GBT_TX_RESET_DONE,4,4,1,,,N,N,Y
04E8,GBT_MGT_LINK_READY,3,3,1,,,N,N,Y
04E8,GBT_TX_FSM_RESET_DONE,5,5,1,,,N,N,Y
04E8,GBT_RX_READY,6,6,1,,,N,N,Y
04E8,GBT_RX_ERROR,7,7,1,,,N,N,Y
04E8,GBT_RX_ERROR_LATCH,8,8,1,,,N,N,Y
04E8,GBT_BOARD_RUN_MODE,16,19,1,,,N,N,Y
04E8,GBT_BCID_SYNC_MODE,20,23,1,,,N,N,Y
04E8,GBT_RX_PHASE,24,27,1,,,N,N,Y
04E8,GBT_CRU_RUN_MODE,28,31,1,,,N,N,Y
04E9,GBT_CRU_ORBIT,0,31,1,,,N,N,Y
04EA,GBT_FIFO_EMPTY_ERROR_REPORT,5,5,1,,,N,N,Y
04EA,GBT_FIFO_EMPTY_CNT_PACK,4,4,1,,,N,N,Y
04EA,GBT_FIFO_EMPTY_SLCT,3,3,1,,,N,N,Y
04EA,GBT_FIFO_EMPTY_TRG,2,2,1,,,N,N,Y
04EA,GBT_FIFO_EMPTY_DATA,1,1,1,,,N,N,Y
04EA,GBT_FIFO_EMPTY_HEADER,0,0,1,,,N,N,Y
04EA,GBT_FIFO_EMPTY_SLCT_WHILE_READ,16,16,1,,,N,N,Y
04EA,GBT_FSM_ERROR_CODE,16,27,1,,,N,N,Y
04EA,GBT_FIFO_DATA_NOT_READY,31,31,1,,,N,N,Y
04EA,GBT_BC_SYNC_LOST_IN_RUN,26,26,1,,,N,N,Y
04EA,GBT_PM_PACKET_CORRUPTED_EARLY_HEADER,25,25,1,,,N,N,Y
04EA,GBT_PM_PACKET_CORRUPTED_EXTRA_WORD,24,24,1,,,N,N,Y
04EA,GBT_FIFO_TCM_DATA_FULL,23,23,1,,,N,N,Y
04EA,GBT_FIFO_HEADER_NOT_EMPTY_ON_RUN_START,22,22,1,,,N,N,Y
04EA,GBT_FIFO_DATA_NOT_EMPTY_ON_RUN_START,21,21,1,,,N,N,Y
04EA,GBT_FIFO_SLCT_NOT_EMPTY_ON_RUN_START,17,17,1,,,N,N,Y
04EA,GBT_FIFO_CNT_PACK_NOT_EMPTY_ON_RUN_START,18,18,1,,,N,N,Y
04EA,GBT_FIFO_TRG_NOT_EMPTY_ON_RUN_START,19,19,1,,,N,N,Y
04EA,GBT_FIFO_TRG_FULL,20,20,1,,,N,N,Y
04EB,GBT_FIFO_COUNT_SELECTOR,16,31,1,,,N,N,Y
04EB,GBT_FIFO_COUNT_RAW,0,15,1,,,N,N,Y
04EC,GBT_SELECTOR_FIRST_HIT_DROPPED_ORBIT,0,31,1,,,N,N,Y
04ED,GBT_WORDS_COUNT,0,31,1,,,N,N,Y
04EE,GBT_BC_MODALITY_TRG,28,31,1,,,N,N,Y
04EE,GBT_BC_INDICATOR_TRG,16,27,1,,,N,N,Y
04EE,GBT_BC_MODALITY_DATA,12,15,1,,,N,N,Y
04EE,GBT_BC_INDICATOR_DATA,0,11,1,,,N,N,Y
04EF,GBT_READOUT_RATE,0,16,1,,,N,N,Y
04F1,GBT_EVENTS_COUNT,0,31,1,,,N,N,Y
04F2,GBT_ERROR_REPORT,0,31,36,,,N,Y,Y
04F5,CURRENT_ADDRESS_IN_HISTOGRAM_DATA,0,16,1,0,,N,N,N
04F5,CURRENT_ADDRES_IN_HISTOGRAM_DATA,0,16,1,0,96512,N,N,Y
04F6,HISTOGRAM_READOUT,0,31,8192,,,N,Y,Y
04F6,HISTOGRAM_DATA_READOUT_ODD,16,31,1,,,N,N,Y
04F6,HISTOGRAM_DATA_READOUT_EVEN,0,15,1,,,N,N,Y
04F7,ATX_MEGA_128A3U_MICROCODE_TIMESTAMP_YEAR,17,22,1,,,N,N,Y
04F7,ATX_MEGA_128A3U_MICROCODE_TIMESTAMP_MONTH,23,26,1,,,N,N,Y
04F7,ATX_MEGA_128A3U_MICROCODE_TIMESTAMP_DAY,27,31,1,,,N,N,Y
04F7,ATX_MEGA_128A3U_MICROCODE_TIMESTAMP_HOUR,12,16,1,,,N,N,Y
04F7,ATX_MEGA_128A3U_MICROCODE_TIMESTAMP_MINUTE,6,11,1,,,N,N,Y
04F7,ATX_MEGA_128A3U_MICROCODE_TIMESTAMP_SECOND,0,5,1,,,N,N,Y
04F8,FW_UPGRADE_COMMAND,0,7,1,,,N,N,N
04F8,FW_UPGRADE_START_BYTE_ADDRESS,8,31,1,,,N,N,N
04F9,FW_UPGRADE_DATA,0,31,1,,,N,N,N
04FA,FW_UPGRADE_END_BYTE_ADDRESS,0,23,1,,,N,N,N
04FB,FW_UPGRADE_STATUS,0,17,1,,,N,N,N
04FC,FPGA_TEMP,0,31,1,,,N,N,Y
04FD,1V_POWER,0,31,1,,,N,N,Y
04FE,1_8V_POWER,0,31,1,,,N,N,Y
04FF,FPGA_FW_TIMESTAMP_SECONDS,0,5,1,,,N,N,Y
04FF,FPGA_FW_TIMESTAMP_MINUTE,6,11,1,,,N,N,Y
04FF,FPGA_FW_TIMESTAMP_HOUR,12,16,1,,,N,N,Y
04FF,FPGA_FW_TIMESTAMP_YEAR,17,22,1,,,N,N,Y
04FF,FPGA_FW_TIMESTAMP_DAY,27,31,1,,,N,N,Y
04FF,FPGA_FW_TIMESTAMP_MONTH,23,26,1,,,N,N,Y
0500,COUNTERS_VALUES_READOUT,0,31,24,,,N,Y,Y
0501,COUNTERS_FIFO_LOAD,0,9,1,,,N,N,Y

3000,HISTOGRAM_CORRELATION_COUNTERS_SELECTABLE,0,31,3564,,,N,N,Y
4000,HISTOGRAM_CORRELATION_COUNTERS_01,0,31,3564,,,N,N,Y
5000,HISTOGRAM_CORRELATION_COUNTERS_02,0,31,3564,,,N,N,Y
