0000,DELAY_A,0,15,1,-1024,1024,Y,N,N,0
0001,DELAY_C,0,15,1,-1024,1024,Y,N,N,0
0002,LASER_DELAY,0,15,1,-1024,1024,Y,N,N,0
0003,ATTENUATOR_BUSY,14,14,1,0,1,N,N,N,0
0003,ATTENUATOR_POSITION_SETTING,0,13,1,0,12000,N,N,N,0
0003,ATTENUATOR_NOT_FOUND,15,15,1,0,1,N,N,N,0
0004,SWITCH_PMT,0,0,1,0,1,N,N,N,0
0004,SWITCH_SCINTILLATOR,1,1,1,0,1,N,N,N,0
0004,SWITCH_3,2,2,1,0,1,N,N,N,0
0004,SWITCH_4,3,3,1,0,1,N,N,N,0
0005,BOARD_TEMPERATURE,0,15,1,10,70,N,N,Y,0
0007,BOARD_SERIAL_NUMBER,8,15,1,0,511,N,N,Y,0
0007,BOARD_SUBDETECTOR_TYPE,0,1,1,0,3,N,N,Y,0
0008,VERTEX_TIME_LOW_THRESHOLD,0,9,1,-512,511,Y,N,N,0
0009,VERTEX_TIME_HIGH_THRESHOLD,0,9,1,-512,511,Y,N,N,0
000A,SEMI_CENTRAL_LEVEL_A,0,15,1,0,65535,N,N,N,0
000B,SEMI_CENTRAL_LEVEL_C,0,15,1,0,65535,N,N,N,0
000C,CENTRAL_LEVEL_A,0,15,1,0,65535,N,N,N,0
000D,CENTRAL_LEVEL_C,0,15,1,0,65535,N,N,N,0
000E,MODE_SEMICENTRAL_EVALUATION,8,8,1,0,1,N,N,N,0
000E,MODE_CORRELATION_COUNTER_SELECT,4,7,1,0,15,N,N,N,0
000E,MODE_EXTENDED_READOUT,3,3,1,0,1,N,N,N,0
000E,MODE_RESET_PER_BC_TRIGGER_COUNTER,10,10,1,0,1,N,N,N,0
000E,MODE_TRIGGERS,9,9,1,0,1,N,N,N,0
000E,MODE_SIDES_COMBINATION,1,2,1,0,3,N,N,N,0
000E,MODE_C_SIDE_DELAY,0,0,1,0,1,N,N,N,0
000F,BOARD_STATUS_PMC4_STATUS_CHANGED,26,26,1,0,1,N,N,N,0
000F,BOARD_STATUS_PMC5_STATUS_CHANGED,27,27,1,0,1,N,N,N,0
000F,BOARD_STATUS_PMC6_STATUS_CHANGED,28,28,1,0,1,N,N,N,0
000F,BOARD_STATUS_PMC7_STATUS_CHANGED,29,29,1,0,1,N,N,N,0
000F,BOARD_STATUS_PMC8_STATUS_CHANGED,30,30,1,0,1,N,N,N,0
000F,BOARD_STATUS_PMC3_STATUS_CHANGED,25,25,1,0,1,N,N,N,0
000F,BOARD_STATUS_PMC2_STATUS_CHANGED,24,24,1,0,1,N,N,N,0
000F,BOARD_STATUS_PMC1_STATUS_CHANGED,23,23,1,0,1,N,N,N,0
000F,BOARD_STATUS_PMC0_STATUS_CHANGED,22,22,1,0,1,N,N,N,0
000F,BOARD_STATUS_PMA9_STATUS_CHANGED,21,21,1,0,1,N,N,N,0
000F,BOARD_STATUS_PMA8_STATUS_CHANGED,20,20,1,0,1,N,N,N,0
000F,BOARD_STATUS_PMA7_STATUS_CHANGED,19,19,1,0,1,N,N,N,0
000F,BOARD_STATUS_PMA6_STATUS_CHANGED,18,18,1,0,1,N,N,N,0
000F,BOARD_STATUS_PMA5_STATUS_CHANGED,17,17,1,0,1,N,N,N,0
000F,BOARD_STATUS_PMA4_STATUS_CHANGED,16,16,1,0,1,N,N,N,0
000F,BOARD_STATUS_PMA3_STATUS_CHANGED,15,15,1,0,1,N,N,N,0
000F,BOARD_STATUS_PMA2_STATUS_CHANGED,14,14,1,0,1,N,N,N,0
000F,BOARD_STATUS_PMA1_STATUS_CHANGED,13,13,1,0,1,N,N,N,0
000F,BOARD_STATUS_PMA0_STATUS_CHANGED,12,12,1,0,1,N,N,N,0
000F,BOARD_STATUS_RESET_SYSTEM,11,11,1,0,1,N,N,N,0
000F,BOARD_STATUS_FORCE_LOCAL_CLOCK,10,10,1,0,1,N,N,N,0
000F,BOARD_STATUS_RESET_COUNTERS,9,9,1,0,1,N,N,N,0
000F,BOARD_STATUS_DROPPING_HITS,8,8,1,0,1,N,N,N,0
000F,BOARD_STATUS_BCID_SYNC_LOST,7,7,1,0,1,N,N,N,0
000F,BOARD_STATUS_GBT_RX_PHASE_ERROR,6,6,1,0,1,N,N,N,0
000F,BOARD_STATUS_GBT_RX_ERROR_DETECTED,5,5,1,0,1,N,N,N,0
000F,BOARD_STATUS_GBT_RX_READY,4,4,1,0,1,N,N,N,0
000F,BOARD_STATUS_ACTUAL_CLOCK_SOURCE,3,3,1,0,1,N,N,N,0
000F,BOARD_STATUS_PMC9_STATUS_CHANGED,31,31,1,0,1,N,N,N,0
000F,BOARD_STATUS_PLL_LOCK_A,1,1,1,0,1,N,N,N,1
000F,BOARD_STATUS_PLL_LOCK_C,0,0,1,0,1,N,N,N,1
000F,BOARD_STATUS_SYSTEM_RESTARTED,2,2,1,0,1,N,N,N,0
0010,PMA0_LINE_3_SIGNAL_STABLE,30,30,1,0,1,N,N,Y,0
0010,PMA0_LINE_3_SIGNAL_LOST,29,29,1,0,1,N,N,Y,0
0010,PMA0_LINE_3_DELAY,24,28,1,0,31,N,N,Y,0
0010,PMA0_BIT_POSITION_OK,23,23,1,0,1,N,N,Y,0
0010,PMA0_LINE_2_SIGNAL_STABLE,22,22,1,0,1,N,N,Y,0
0010,PMA0_LINE_2_SIGNAL_LOST,21,21,1,0,1,N,N,Y,0
0010,PMA0_LINK_OK,31,31,1,0,1,N,N,Y,0
0010,PMA0_LINE_1_SIGNAL_STABLE,14,14,1,0,1,N,N,Y,0
0010,PMA0_LINE_1_SIGNAL_LOST,13,13,1,0,1,N,N,Y,0
0010,PMA0_LINE_1_DELAY,8,12,1,0,31,N,N,Y,0
0010,PMA0_LINE_0_SIGNAL_STABLE,6,6,1,0,1,N,N,Y,0
0010,PMA0_LINE_0_SIGNAL_LOST,5,5,1,0,1,N,N,Y,0
0010,PMA0_LINE_0_DELAY,0,4,1,0,31,N,N,Y,0
0010,PMA0_LINE_2_DELAY,16,20,1,0,31,N,N,Y,0
0011,PMA1_LINE_3_SIGNAL_STABLE,30,30,1,0,1,N,N,Y,0
0011,PMA1_LINE_3_SIGNAL_LOST,29,29,1,0,1,N,N,Y,0
0011,PMA1_LINE_3_DELAY,24,28,1,0,31,N,N,Y,0
0011,PMA1_BIT_POSITION_OK,23,23,1,0,1,N,N,Y,0
0011,PMA1_LINE_2_SIGNAL_STABLE,22,22,1,0,1,N,N,Y,0
0011,PMA1_LINE_2_SIGNAL_LOST,21,21,1,0,1,N,N,Y,0
0011,PMA1_LINE_2_DELAY,16,20,1,0,31,N,N,Y,0
0011,PMA1_LINE_1_SIGNAL_STABLE,14,14,1,0,1,N,N,Y,0
0011,PMA1_LINE_1_SIGNAL_LOST,13,13,1,0,1,N,N,Y,0
0011,PMA1_LINE_1_DELAY,8,12,1,0,31,N,N,Y,0
0011,PMA1_LINE_0_SIGNAL_STABLE,6,6,1,0,1,N,N,Y,0
0011,PMA1_LINE_0_SIGNAL_LOST,5,5,1,0,1,N,N,Y,0
0011,PMA1_LINE_0_DELAY,0,4,1,0,31,N,N,Y,0
0011,PMA1_LINK_OK,31,31,1,0,1,N,N,Y,0
0011,PMA2_LINE_0_SIGNAL_LOST,5,5,1,0,1,N,N,Y,0
0012,PMA2_LINE_0_SIGNAL_STABLE,6,6,1,0,1,N,N,Y,0
0012,PMA2_LINE_0_DELAY,0,4,1,0,31,N,N,Y,0
0012,PMA2_LINK_OK,31,31,1,0,1,N,N,Y,0
0012,PMA2_LINE_3_SIGNAL_STABLE,30,30,1,0,1,N,N,Y,0
0012,PMA2_LINE_3_SIGNAL_LOST,29,29,1,0,1,N,N,Y,0
0012,PMA2_LINE_3_DELAY,24,28,1,0,31,N,N,Y,0
0012,PMA2_BIT_POSITION_OK,23,23,1,0,1,N,N,Y,0
0012,PMA2_LINE_2_SIGNAL_STABLE,22,22,1,0,1,N,N,Y,0
0012,PMA2_LINE_2_SIGNAL_LOST,21,21,1,0,1,N,N,Y,0
0012,PMA2_LINE_2_DELAY,16,20,1,0,31,N,N,Y,0
0012,PMA2_LINE_1_SIGNAL_STABLE,14,14,1,0,1,N,N,Y,0
0012,PMA2_LINE_1_SIGNAL_LOST,13,13,1,0,1,N,N,Y,0
0012,PMA2_LINE_1_DELAY,8,12,1,0,31,N,N,Y,0
0013,PMA3_LINE_0_DELAY,0,4,1,0,31,N,N,Y,0
0013,PMA3_LINE_3_SIGNAL_LOST,29,29,1,0,1,N,N,Y,0
0013,PMA3_LINE_3_DELAY,24,28,1,0,31,N,N,Y,0
0013,PMA3_BIT_POSITION_OK,23,23,1,0,1,N,N,Y,0
0013,PMA3_LINE_2_SIGNAL_STABLE,22,22,1,0,1,N,N,Y,0
0013,PMA3_LINE_2_SIGNAL_LOST,21,21,1,0,1,N,N,Y,0
0013,PMA3_LINE_3_SIGNAL_STABLE,30,30,1,0,1,N,N,Y,0
0013,PMA3_LINE_1_SIGNAL_STABLE,14,14,1,0,1,N,N,Y,0
0013,PMA3_LINE_1_SIGNAL_LOST,13,13,1,0,1,N,N,Y,0
0013,PMA3_LINE_1_DELAY,8,12,1,0,31,N,N,Y,0
0013,PMA3_LINE_0_SIGNAL_STABLE,6,6,1,0,1,N,N,Y,0
0013,PMA3_LINE_0_SIGNAL_LOST,5,5,1,0,1,N,N,Y,0
0013,PMA3_LINK_OK,31,31,1,0,1,N,N,Y,0
0013,PMA3_LINE_2_DELAY,16,20,1,0,31,N,N,Y,0
0014,PMA4_LINE_2_SIGNAL_STABLE,22,22,1,0,1,N,N,Y,0
0014,PMA4_BIT_POSITION_OK,23,23,1,0,1,N,N,Y,0
0014,PMA4_LINE_3_DELAY,24,28,1,0,31,N,N,Y,0
0014,PMA4_LINE_3_SIGNAL_LOST,29,29,1,0,1,N,N,Y,0
0014,PMA4_LINE_3_SIGNAL_STABLE,30,30,1,0,1,N,N,Y,0
0014,PMA4_LINK_OK,31,31,1,0,1,N,N,Y,0
0014,PMA4_LINE_0_DELAY,0,4,1,0,31,N,N,Y,0
0014,PMA4_LINE_0_SIGNAL_LOST,5,5,1,0,1,N,N,Y,0
0014,PMA4_LINE_0_SIGNAL_STABLE,6,6,1,0,1,N,N,Y,0
0014,PMA4_LINE_1_DELAY,8,12,1,0,31,N,N,Y,0
0014,PMA4_LINE_1_SIGNAL_LOST,13,13,1,0,1,N,N,Y,0
0014,PMA4_LINE_1_SIGNAL_STABLE,14,14,1,0,1,N,N,Y,0
0014,PMA4_LINE_2_DELAY,16,20,1,0,31,N,N,Y,0
0014,PMA4_LINE_2_SIGNAL_LOST,21,21,1,0,1,N,N,Y,0
0015,PMA5_LINE_0_DELAY,0,4,1,0,31,N,N,Y,0
0015,PMA5_LINE_0_SIGNAL_LOST,5,5,1,0,1,N,N,Y,0
0015,PMA5_LINE_0_SIGNAL_STABLE,6,6,1,0,1,N,N,Y,0
0015,PMA5_LINE_1_DELAY,8,12,1,0,31,N,N,Y,0
0015,PMA5_LINE_1_SIGNAL_LOST,13,13,1,0,1,N,N,Y,0
0015,PMA5_LINE_1_SIGNAL_STABLE,14,14,1,0,1,N,N,Y,0
0015,PMA5_LINK_OK,31,31,1,0,1,N,N,Y,0
0015,PMA5_LINE_2_SIGNAL_LOST,21,21,1,0,1,N,N,Y,0
0015,PMA5_LINE_2_SIGNAL_STABLE,22,22,1,0,1,N,N,Y,0
0015,PMA5_BIT_POSITION_OK,23,23,1,0,1,N,N,Y,0
0015,PMA5_LINE_3_DELAY,24,28,1,0,31,N,N,Y,0
0015,PMA5_LINE_3_SIGNAL_LOST,29,29,1,0,1,N,N,Y,0
0015,PMA5_LINE_3_SIGNAL_STABLE,30,30,1,0,1,N,N,Y,0
0015,PMA5_LINE_2_DELAY,16,20,1,0,31,N,N,Y,0
0016,PMA6_LINE_0_DELAY,0,4,1,0,31,N,N,Y,0
0016,PMA6_LINE_0_SIGNAL_LOST,5,5,1,0,1,N,N,Y,0
0016,PMA6_LINE_0_SIGNAL_STABLE,6,6,1,0,1,N,N,Y,0
0016,PMA6_LINE_1_DELAY,8,12,1,0,31,N,N,Y,0
0016,PMA6_LINE_1_SIGNAL_LOST,13,13,1,0,1,N,N,Y,0
0016,PMA6_LINE_1_SIGNAL_STABLE,14,14,1,0,1,N,N,Y,0
0016,PMA6_LINK_OK,31,31,1,0,1,N,N,Y,0
0016,PMA6_LINE_2_SIGNAL_LOST,21,21,1,0,1,N,N,Y,0
0016,PMA6_LINE_2_SIGNAL_STABLE,22,22,1,0,1,N,N,Y,0
0016,PMA6_BIT_POSITION_OK,23,23,1,0,1,N,N,Y,0
0016,PMA6_LINE_3_DELAY,24,28,1,0,31,N,N,Y,0
0016,PMA6_LINE_3_SIGNAL_LOST,29,29,1,0,1,N,N,Y,0
0016,PMA6_LINE_3_SIGNAL_STABLE,30,30,1,0,1,N,N,Y,0
0016,PMA6_LINE_2_DELAY,16,20,1,0,31,N,N,Y,0
0017,PMA7_LINE_0_DELAY,0,4,1,0,31,N,N,Y,0
0017,PMA7_LINE_0_SIGNAL_LOST,5,5,1,0,1,N,N,Y,0
0017,PMA7_LINE_0_SIGNAL_STABLE,6,6,1,0,1,N,N,Y,0
0017,PMA7_LINE_1_DELAY,8,12,1,0,31,N,N,Y,0
0017,PMA7_LINE_1_SIGNAL_LOST,13,13,1,0,1,N,N,Y,0
0017,PMA7_LINE_1_SIGNAL_STABLE,14,14,1,0,1,N,N,Y,0
0017,PMA7_LINK_OK,31,31,1,0,1,N,N,Y,0
0017,PMA7_LINE_2_SIGNAL_LOST,21,21,1,0,1,N,N,Y,0
0017,PMA7_LINE_2_SIGNAL_STABLE,22,22,1,0,1,N,N,Y,0
0017,PMA7_BIT_POSITION_OK,23,23,1,0,1,N,N,Y,0
0017,PMA7_LINE_3_DELAY,24,28,1,0,31,N,N,Y,0
0017,PMA7_LINE_3_SIGNAL_LOST,29,29,1,0,1,N,N,Y,0
0017,PMA7_LINE_3_SIGNAL_STABLE,30,30,1,0,1,N,N,Y,0
0017,PMA7_LINE_2_DELAY,16,20,1,0,31,N,N,Y,0
0018,PMA8_LINE_0_DELAY,0,4,1,0,31,N,N,Y,0
0018,PMA8_LINE_0_SIGNAL_LOST,5,5,1,0,1,N,N,Y,0
0018,PMA8_LINE_0_SIGNAL_STABLE,6,6,1,0,1,N,N,Y,0
0018,PMA8_LINE_1_DELAY,8,12,1,0,31,N,N,Y,0
0018,PMA8_LINE_1_SIGNAL_LOST,13,13,1,0,1,N,N,Y,0
0018,PMA8_LINE_1_SIGNAL_STABLE,14,14,1,0,1,N,N,Y,0
0018,PMA8_LINK_OK,31,31,1,0,1,N,N,Y,0
0018,PMA8_LINE_2_SIGNAL_LOST,21,21,1,0,1,N,N,Y,0
0018,PMA8_LINE_2_SIGNAL_STABLE,22,22,1,0,1,N,N,Y,0
0018,PMA8_BIT_POSITION_OK,23,23,1,0,1,N,N,Y,0
0018,PMA8_LINE_3_DELAY,24,28,1,0,31,N,N,Y,0
0018,PMA8_LINE_3_SIGNAL_LOST,29,29,1,0,1,N,N,Y,0
0018,PMA8_LINE_3_SIGNAL_STABLE,30,30,1,0,1,N,N,Y,0
0018,PMA8_LINE_2_DELAY,16,20,1,0,31,N,N,Y,0
0019,PMA9_LINE_0_SIGNAL_STABLE,6,6,1,0,1,N,N,Y,0
0019,PMA9_LINE_1_DELAY,8,12,1,0,31,N,N,Y,0
0019,PMA9_LINE_1_SIGNAL_LOST,13,13,1,0,1,N,N,Y,0
0019,PMA9_LINE_1_SIGNAL_STABLE,14,14,1,0,1,N,N,Y,0
0019,PMA9_LINE_2_DELAY,16,20,1,0,31,N,N,Y,0
0019,PMA9_LINE_2_SIGNAL_LOST,21,21,1,0,1,N,N,Y,0
0019,PMA9_LINE_0_SIGNAL_LOST,5,5,1,0,1,N,N,Y,0
0019,PMA9_BIT_POSITION_OK,23,23,1,0,1,N,N,Y,0
0019,PMA9_LINE_3_DELAY,24,28,1,0,31,N,N,Y,0
0019,PMA9_LINE_3_SIGNAL_LOST,29,29,1,0,1,N,N,Y,0
0019,PMA9_LINE_3_SIGNAL_STABLE,30,30,1,0,1,N,N,Y,0
0019,PMA9_LINK_OK,31,31,1,0,1,N,N,Y,0
0019,PMA9_LINE_0_DELAY,0,4,1,0,31,N,N,Y,0
0019,PMA9_LINE_2_SIGNAL_STABLE,22,22,1,0,1,N,N,Y,0
001A,SIDE_A_CHANNEL_MASK,0,8,1,,,N,N,N,0
001A,SIDE_A_READY,31,31,1,0,1,N,N,N,0
001A,SIDE_A_SYNC_ERROR_CHANNEL_A1,18,18,1,0,1,N,N,N,0
001A,SIDE_A_SYNC_ERROR_CHANNEL_A2,19,19,1,0,1,N,N,N,0
001A,SIDE_A_SYNC_ERROR_CHANNEL_A3,20,20,1,0,1,N,N,N,0
001A,SIDE_A_SYNC_ERROR_CHANNEL_A4,21,21,1,0,1,N,N,N,0
001A,SIDE_A_SYNC_ERROR_CHANNEL_A5,22,22,1,0,1,N,N,N,0
001A,SIDE_A_SYNC_ERROR_CHANNEL_A6,23,23,1,0,1,N,N,N,0
001A,SIDE_A_SYNC_ERROR_CHANNEL_A7,24,24,1,0,1,N,N,N,0
001A,SIDE_A_SYNC_ERROR_CHANNEL_A8,25,25,1,0,1,N,N,N,0
001A,SIDE_A_SYNC_ERROR_CHANNEL_A9,26,26,1,0,1,N,N,N,0
001A,SIDE_A_MASTER_LINK_DELAY_ERROR,27,27,1,0,1,N,N,N,0
001A,SIDE_A_ENABLED,28,28,1,0,1,N,N,N,0
001A,SIDE_A_DELAY_RANGE_ERROR,29,29,1,0,1,N,N,N,0
001A,SIDE_A_READY_BIT_CHANGES_STATE,30,30,1,0,1,N,N,N,0
001A,SIDE_A_SYNC_ERROR_CHANNEL_A0,17,17,1,0,1,N,N,N,0
001B,LASER_DIVIDER,0,23,1,,,N,N,N,0
001B,LASER_ACTUATION_SOURCE,31,31,1,0,1,N,N,N,0
001B,LASER_ENABLED,30,30,1,0,1,N,N,N,0
001B,LASER_ONCE_PER_N_ORBIT_MODE,24,24,1,0,1,N,N,N,0
001C,LASER_PATTERN_LSB,0,31,1,,,N,N,N,0
001D,LASER_PATTERN_MSB,0,31,1,,,N,N,N,0
001E,BITMASK_PM_LINKS_SPI_ENABLED,0,19,1,,,N,N,N,0
001F,TRIGGERS_SUPPRESION_DURATION,6,7,1,,,N,N,N,0
001F,TRIGGERS_SUPPRESION_DELAY,0,5,1,,,N,N,N,0
0020,SIDE_C_AVERAGE_TIME,16,31,1,,,Y,N,N,0
0020,SIDE_A_AVERAGE_TIME,0,15,1,,,Y,N,N,0
0030,PMC0_LINE_3_SIGNAL_STABLE,30,30,1,0,1,N,N,Y,0
0030,PMC0_LINE_3_SIGNAL_LOST,29,29,1,0,1,N,N,Y,0
0030,PMC0_LINE_3_DELAY,24,28,1,0,31,N,N,Y,0
0030,PMC0_BIT_POSITION_OK,23,23,1,0,1,N,N,Y,0
0030,PMC0_LINE_2_SIGNAL_STABLE,22,22,1,0,1,N,N,Y,0
0030,PMC0_LINE_2_SIGNAL_LOST,21,21,1,0,1,N,N,Y,0
0030,PMC0_LINK_OK,31,31,1,0,1,N,N,Y,0
0030,PMC0_LINE_1_SIGNAL_STABLE,14,14,1,0,1,N,N,Y,0
0030,PMC0_LINE_1_SIGNAL_LOST,13,13,1,0,1,N,N,Y,0
0030,PMC0_LINE_1_DELAY,8,12,1,0,31,N,N,Y,0
0030,PMC0_LINE_0_SIGNAL_STABLE,6,6,1,0,1,N,N,Y,0
0030,PMC0_LINE_0_SIGNAL_LOST,5,5,1,0,1,N,N,Y,0
0030,PMC0_LINE_0_DELAY,0,4,1,0,31,N,N,Y,0
0030,PMC0_LINE_2_DELAY,16,20,1,0,31,N,N,Y,0
0031,PMC1_LINE_3_SIGNAL_STABLE,30,30,1,0,1,N,N,Y,0
0031,PMC1_LINE_3_SIGNAL_LOST,29,29,1,0,1,N,N,Y,0
0031,PMC1_LINE_3_DELAY,24,28,1,0,31,N,N,Y,0
0031,PMC1_BIT_POSITION_OK,23,23,1,0,1,N,N,Y,0
0031,PMC1_LINE_2_SIGNAL_STABLE,22,22,1,0,1,N,N,Y,0
0031,PMC1_LINE_2_SIGNAL_LOST,21,21,1,0,1,N,N,Y,0
0031,PMC1_LINE_2_DELAY,16,20,1,0,31,N,N,Y,0
0031,PMC1_LINE_1_SIGNAL_STABLE,14,14,1,0,1,N,N,Y,0
0031,PMC1_LINE_1_SIGNAL_LOST,13,13,1,0,1,N,N,Y,0
0031,PMC1_LINE_1_DELAY,8,12,1,0,31,N,N,Y,0
0031,PMC1_LINE_0_SIGNAL_STABLE,6,6,1,0,1,N,N,Y,0
0031,PMC1_LINE_0_SIGNAL_LOST,5,5,1,0,1,N,N,Y,0
0031,PMC1_LINE_0_DELAY,0,4,1,0,31,N,N,Y,0
0031,PMC1_LINK_OK,31,31,1,0,1,N,N,Y,0
0032,PMC2_LINE_0_DELAY,0,4,1,0,31,N,N,Y,0
0032,PMC2_LINE_0_SIGNAL_LOST,5,5,1,0,1,N,N,Y,0
0032,PMC2_LINK_OK,31,31,1,0,1,N,N,Y,0
0032,PMC2_LINE_3_SIGNAL_STABLE,30,30,1,0,1,N,N,Y,0
0032,PMC2_LINE_3_SIGNAL_LOST,29,29,1,0,1,N,N,Y,0
0032,PMC2_LINE_3_DELAY,24,28,1,0,31,N,N,Y,0
0032,PMC2_BIT_POSITION_OK,23,23,1,0,1,N,N,Y,0
0032,PMC2_LINE_2_SIGNAL_STABLE,22,22,1,0,1,N,N,Y,0
0032,PMC2_LINE_2_SIGNAL_LOST,21,21,1,0,1,N,N,Y,0
0032,PMC2_LINE_2_DELAY,16,20,1,0,31,N,N,Y,0
0032,PMC2_LINE_1_SIGNAL_STABLE,14,14,1,0,1,N,N,Y,0
0032,PMC2_LINE_1_SIGNAL_LOST,13,13,1,0,1,N,N,Y,0
0032,PMC2_LINE_1_DELAY,8,12,1,0,31,N,N,Y,0
0032,PMC2_LINE_0_SIGNAL_STABLE,6,6,1,0,1,N,N,Y,0
0033,PMC3_LINE_0_DELAY,0,4,1,0,31,N,N,Y,0
0033,PMC3_LINE_3_SIGNAL_STABLE,30,30,1,0,1,N,N,Y,0
0033,PMC3_LINE_3_SIGNAL_LOST,29,29,1,0,1,N,N,Y,0
0033,PMC3_LINE_3_DELAY,24,28,1,0,31,N,N,Y,0
0033,PMC3_BIT_POSITION_OK,23,23,1,0,1,N,N,Y,0
0033,PMC3_LINE_2_SIGNAL_STABLE,22,22,1,0,1,N,N,Y,0
0033,PMC3_LINK_OK,31,31,1,0,1,N,N,Y,0
0033,PMC3_LINE_2_DELAY,16,20,1,0,31,N,N,Y,0
0033,PMC3_LINE_1_SIGNAL_STABLE,14,14,1,0,1,N,N,Y,0
0033,PMC3_LINE_1_SIGNAL_LOST,13,13,1,0,1,N,N,Y,0
0033,PMC3_LINE_1_DELAY,8,12,1,0,31,N,N,Y,0
0033,PMC3_LINE_0_SIGNAL_STABLE,6,6,1,0,1,N,N,Y,0
0033,PMC3_LINE_0_SIGNAL_LOST,5,5,1,0,1,N,N,Y,0
0033,PMC3_LINE_2_SIGNAL_LOST,21,21,1,0,1,N,N,Y,0
0034,PMC4_LINE_2_SIGNAL_STABLE,22,22,1,0,1,N,N,Y,0
0034,PMC4_BIT_POSITION_OK,23,23,1,0,1,N,N,Y,0
0034,PMC4_LINE_3_DELAY,24,28,1,0,31,N,N,Y,0
0034,PMC4_LINE_3_SIGNAL_LOST,29,29,1,0,1,N,N,Y,0
0034,PMC4_LINE_3_SIGNAL_STABLE,30,30,1,0,1,N,N,Y,0
0034,PMC4_LINK_OK,31,31,1,0,1,N,N,Y,0
0034,PMC4_LINE_0_DELAY,0,4,1,0,31,N,N,Y,0
0034,PMC4_LINE_0_SIGNAL_LOST,5,5,1,0,1,N,N,Y,0
0034,PMC4_LINE_0_SIGNAL_STABLE,6,6,1,0,1,N,N,Y,0
0034,PMC4_LINE_1_DELAY,8,12,1,0,31,N,N,Y,0
0034,PMC4_LINE_1_SIGNAL_LOST,13,13,1,0,1,N,N,Y,0
0034,PMC4_LINE_1_SIGNAL_STABLE,14,14,1,0,1,N,N,Y,0
0034,PMC4_LINE_2_DELAY,16,20,1,0,31,N,N,Y,0
0034,PMC4_LINE_2_SIGNAL_LOST,21,21,1,0,1,N,N,Y,0
0035,PMC5_LINE_1_SIGNAL_LOST,13,13,1,0,1,N,N,Y,0
0035,PMC5_LINE_1_SIGNAL_STABLE,14,14,1,0,1,N,N,Y,0
0035,PMC5_LINE_2_DELAY,16,20,1,0,31,N,N,Y,0
0035,PMC5_LINE_2_SIGNAL_LOST,21,21,1,0,1,N,N,Y,0
0035,PMC5_LINE_2_SIGNAL_STABLE,22,22,1,0,1,N,N,Y,0
0035,PMC5_BIT_POSITION_OK,23,23,1,0,1,N,N,Y,0
0035,PMC5_LINE_3_DELAY,24,28,1,0,31,N,N,Y,0
0035,PMC5_LINE_3_SIGNAL_LOST,29,29,1,0,1,N,N,Y,0
0035,PMC5_LINE_3_SIGNAL_STABLE,30,30,1,0,1,N,N,Y,0
0035,PMC5_LINK_OK,31,31,1,0,1,N,N,Y,0
0035,PMC5_LINE_0_DELAY,0,4,1,0,31,N,N,Y,0
0035,PMC5_LINE_0_SIGNAL_LOST,5,5,1,0,1,N,N,Y,0
0035,PMC5_LINE_0_SIGNAL_STABLE,6,6,1,0,1,N,N,Y,0
0035,PMC5_LINE_1_DELAY,8,12,1,0,31,N,N,Y,0
0036,PMC6_LINE_1_SIGNAL_STABLE,14,14,1,0,1,N,N,Y,0
0036,PMC6_LINE_1_SIGNAL_LOST,13,13,1,0,1,N,N,Y,0
0036,PMC6_LINE_1_DELAY,8,12,1,0,31,N,N,Y,0
0036,PMC6_LINE_0_SIGNAL_STABLE,6,6,1,0,1,N,N,Y,0
0036,PMC6_LINE_0_SIGNAL_LOST,5,5,1,0,1,N,N,Y,0
0036,PMC6_LINE_0_DELAY,0,4,1,0,31,N,N,Y,0
0036,PMC6_LINK_OK,31,31,1,0,1,N,N,Y,0
0036,PMC6_LINE_2_SIGNAL_LOST,21,21,1,0,1,N,N,Y,0
0036,PMC6_LINE_2_SIGNAL_STABLE,22,22,1,0,1,N,N,Y,0
0036,PMC6_BIT_POSITION_OK,23,23,1,0,1,N,N,Y,0
0036,PMC6_LINE_3_DELAY,24,28,1,0,31,N,N,Y,0
0036,PMC6_LINE_3_SIGNAL_LOST,29,29,1,0,1,N,N,Y,0
0036,PMC6_LINE_3_SIGNAL_STABLE,30,30,1,0,1,N,N,Y,0
0036,PMC6_LINE_2_DELAY,16,20,1,0,31,N,N,Y,0
0037,PMC7_LINE_1_SIGNAL_STABLE,14,14,1,0,1,N,N,Y,0
0037,PMC7_LINE_1_SIGNAL_LOST,13,13,1,0,1,N,N,Y,0
0037,PMC7_LINE_1_DELAY,8,12,1,0,31,N,N,Y,0
0037,PMC7_LINE_0_SIGNAL_STABLE,6,6,1,0,1,N,N,Y,0
0037,PMC7_LINE_0_SIGNAL_LOST,5,5,1,0,1,N,N,Y,0
0037,PMC7_LINE_0_DELAY,0,4,1,0,31,N,N,Y,0
0037,PMC7_LINE_2_DELAY,16,20,1,0,31,N,N,Y,0
0037,PMC7_LINK_OK,31,31,1,0,1,N,N,Y,0
0037,PMC7_LINE_3_SIGNAL_STABLE,30,30,1,0,1,N,N,Y,0
0037,PMC7_LINE_3_SIGNAL_LOST,29,29,1,0,1,N,N,Y,0
0037,PMC7_LINE_3_DELAY,24,28,1,0,31,N,N,Y,0
0037,PMC7_BIT_POSITION_OK,23,23,1,0,1,N,N,Y,0
0037,PMC7_LINE_2_SIGNAL_STABLE,22,22,1,0,1,N,N,Y,0
0037,PMC7_LINE_2_SIGNAL_LOST,21,21,1,0,1,N,N,Y,0
0038,PMC8_LINE_0_DELAY,0,4,1,0,31,N,N,Y,0
0038,PMC8_LINE_0_SIGNAL_LOST,5,5,1,0,1,N,N,Y,0
0038,PMC8_LINE_0_SIGNAL_STABLE,6,6,1,0,1,N,N,Y,0
0038,PMC8_LINE_1_DELAY,8,12,1,0,31,N,N,Y,0
0038,PMC8_LINE_1_SIGNAL_LOST,13,13,1,0,1,N,N,Y,0
0038,PMC8_LINE_1_SIGNAL_STABLE,14,14,1,0,1,N,N,Y,0
0038,PMC8_LINK_OK,31,31,1,0,1,N,N,Y,0
0038,PMC8_LINE_3_SIGNAL_LOST,29,29,1,0,1,N,N,Y,0
0038,PMC8_LINE_3_DELAY,24,28,1,0,31,N,N,Y,0
0038,PMC8_BIT_POSITION_OK,23,23,1,0,1,N,N,Y,0
0038,PMC8_LINE_2_SIGNAL_STABLE,22,22,1,0,1,N,N,Y,0
0038,PMC8_LINE_2_SIGNAL_LOST,21,21,1,0,1,N,N,Y,0
0038,PMC8_LINE_2_DELAY,16,20,1,0,31,N,N,Y,0
0038,PMC8_LINE_3_SIGNAL_STABLE,30,30,1,0,1,N,N,Y,0
0039,PMC9_LINE_3_SIGNAL_LOST,29,29,1,0,1,N,N,Y,0
0039,PMC9_LINE_3_SIGNAL_STABLE,30,30,1,0,1,N,N,Y,0
0039,PMC9_LINK_OK,31,31,1,0,1,N,N,Y,0
0039,PMC9_LINE_0_DELAY,0,4,1,0,31,N,N,Y,0
0039,PMC9_LINE_0_SIGNAL_LOST,5,5,1,0,1,N,N,Y,0
0039,PMC9_LINE_0_SIGNAL_STABLE,6,6,1,0,1,N,N,Y,0
0039,PMC9_LINE_1_DELAY,8,12,1,0,31,N,N,Y,0
0039,PMC9_LINE_1_SIGNAL_LOST,13,13,1,0,1,N,N,Y,0
0039,PMC9_LINE_1_SIGNAL_STABLE,14,14,1,0,1,N,N,Y,0
0039,PMC9_LINE_2_DELAY,16,20,1,0,31,N,N,Y,0
0039,PMC9_LINE_2_SIGNAL_LOST,21,21,1,0,1,N,N,Y,0
0039,PMC9_LINE_2_SIGNAL_STABLE,22,22,1,0,1,N,N,Y,0
0039,PMC9_BIT_POSITION_OK,23,23,1,0,1,N,N,Y,0
0039,PMC9_LINE_3_DELAY,24,28,1,0,31,N,N,Y,0
003A,SIDE_C_CHANNEL_MASK,0,9,1,,,N,N,N,0
003A,SIDE_C_READY,31,31,1,0,1,N,N,N,0
003A,SIDE_C_SYNC_ERROR_CHANNEL_C1,18,18,1,0,1,N,N,N,0
003A,SIDE_C_SYNC_ERROR_CHANNEL_C2,19,19,1,0,1,N,N,N,0
003A,SIDE_C_SYNC_ERROR_CHANNEL_C3,20,20,1,0,1,N,N,N,0
003A,SIDE_C_SYNC_ERROR_CHANNEL_C4,21,21,1,0,1,N,N,N,0
003A,SIDE_C_SYNC_ERROR_CHANNEL_C5,22,22,1,0,1,N,N,N,0
003A,SIDE_C_SYNC_ERROR_CHANNEL_C6,23,23,1,0,1,N,N,N,0
003A,SIDE_C_SYNC_ERROR_CHANNEL_C7,24,24,1,0,1,N,N,N,0
003A,SIDE_C_SYNC_ERROR_CHANNEL_C8,25,25,1,0,1,N,N,N,0
003A,SIDE_C_SYNC_ERROR_CHANNEL_C9,26,26,1,0,1,N,N,N,0
003A,SIDE_C_MASTER_LINK_DELAY_ERROR,27,27,1,0,1,N,N,N,0
003A,SIDE_C_ENABLED,28,28,1,0,1,N,N,N,0
003A,SIDE_C_DELAY_RANGE_ERROR,29,29,1,0,1,N,N,N,0
003A,SIDE_C_READY_BIT_CHANGES_STATE,30,30,1,0,1,N,N,N,0
003A,SIDE_C_SYNC_ERROR_CHANNEL_C0,17,17,1,0,1,N,N,N,0
0050,COUNTER_READ_INTERVAL,0,2,1,0,7,N,N,N,0
0060,TRIGGER_5_SIGNATURE,0,13,1,,,N,N,N,0
0061,TRIGGER_5_RANDOM_RATE,0,30,1,,,N,N,N,0
0062,TRIGGER_4_SIGNATURE,0,13,1,,,N,N,N,0
0063,TRIGGER_4_RANDOM_RATE,0,30,1,,,N,N,N,0
0064,TRIGGER_2_SIGNATURE,0,13,1,,,N,N,N,0
0065,TRIGGER_2_RANDOM_RATE,0,30,1,,,N,N,N,0
0066,TRIGGER_1_SIGNATURE,0,13,1,,,N,N,N,0
0067,TRIGGER_1_RANDOM_RATE,0,30,1,,,N,N,N,0
0068,TRIGGER_3_SIGNATURE,0,13,1,,,N,N,N,0
0069,TRIGGER_3_RANDOM_RATE,0,30,1,,,N,N,N,0
006A,TRIGGER_5_OUTPUT_MODE,0,1,1,0,3,N,N,N,0
006A,TRIGGER_5_OUTPUT_ENABLED,2,2,1,0,1,N,N,N,0
006A,TRIGGER_4_OUTPUT_MODE,3,4,1,0,3,N,N,N,0
006A,TRIGGER_4_OUTPUT_ENABLED,5,5,1,0,1,N,N,N,0
006A,TRIGGER_2_OUTPUT_MODE,6,7,1,0,3,N,N,N,0
006A,TRIGGER_2_OUTPUT_ENABLED,8,8,1,0,1,N,N,N,0
006A,TRIGGER_1_OUTPUT_MODE,9,10,1,0,3,N,N,N,0
006A,TRIGGER_1_OUTPUT_ENABLED,11,11,1,0,1,N,N,N,0
006A,TRIGGER_3_OUTPUT_MODE,12,13,1,0,3,N,N,N,0
006A,TRIGGER_3_OUTPUT_ENABLED,14,14,1,0,1,N,N,N,0
0070,TRIGGER_5_COUNTER,0,31,1,,,N,N,Y,0
0071,TRIGGER_4_COUNTER,0,31,1,,,N,N,Y,0
0072,TRIGGER_2_COUNTER,0,31,1,,,N,N,Y,0
0073,TRIGGER_1_COUNTER,0,31,1,,,N,N,Y,0
0074,TRIGGER_3_COUNTER,0,31,1,,,N,N,Y,0
0075,BACKGROUND_0_COUNTER,0,31,1,,,N,N,Y,0
0076,BACKGROUND_1_COUNTER,0,31,1,,,N,N,Y,0
0077,BACKGROUND_2_COUNTER,0,31,1,,,N,N,Y,0
0078,BACKGROUND_3_COUNTER,0,31,1,,,N,N,Y,0
0079,BACKGROUND_4_COUNTER,0,31,1,,,N,N,Y,0
007A,BACKGROUND_5_COUNTER,0,31,1,,,N,N,Y,0
007B,BACKGROUND_6_COUNTER,0,31,1,,,N,N,Y,0
007C,BACKGROUND_7_COUNTER,0,31,1,,,N,N,Y,0
007D,BACKGROUND_8_COUNTER,0,31,1,,,N,N,Y,0
007E,BACKGROUND_9_COUNTER,0,31,1,,,N,N,Y,0
00D8,GBT_DATA_EMULATION_MODE,0,3,1,,,N,N,N,0
00D8,GBT_TRIGGERS_EMULATION_MODE,4,7,1,,,N,N,N,0
00D8,GBT_EMU_ORBIT_JUMP,25,25,1,,,N,N,N,0
00D8,GBT_SHIFT_RX_PHASE,24,24,1,,,N,N,N,0
00D8,GBT_HB_REJECT,23,23,1,,,N,N,N,0
00D8,GBT_FORCE_IDLE,22,22,1,,,N,N,N,0
00D8,GBT_BYPASS_MODE,21,21,1,,,N,N,N,0
00D8,GBT_HB_RESPONSE,20,20,1,,,N,N,N,0
00D8,GBT_CTP_EMULATION_RUN_TYPE,16,19,1,,,N,N,N,0
00D8,GBT_RESET_ORBIT_SYNC,8,8,1,,,N,N,N,0
00D8,GBT_RESET_DATA_COUNTERS,9,9,1,,,N,N,N,0
00D8,GBT_START_OF_EMULATION,10,10,1,,,N,N,N,0
00D8,GBT_RESET_RX_ERROR,11,11,1,,,N,N,N,0
00D8,GBT_RESET,12,12,1,,,N,N,N,0
00D8,GBT_RESET_RX_PHASE_ERROR,13,13,1,,,N,N,N,0
00D8,GBT_RESET_READOUT_FSM,14,14,1,,,N,N,N,0
00D8,GBT_RESET_ERROR_REPORT_FIFO,15,15,1,,,N,N,N,0
00D9,GBT_TRIGGER_RESPOND_MASK,0,31,1,,,N,N,N,0
00DA,GBT_DG_BUNCH_PATTERN,0,31,1,,,N,N,N,0
00DB,GBT_UNKNOWN_01,0,31,1,,,N,N,N,0
00DC,GBT_EMULATED_TRIGGERS_PATTERN_LSB,0,31,1,,,N,N,N,0
00DD,GBT_EMULATED_TRIGGERS_PATTERN_MSB,0,31,1,,,N,N,N,0
00DE,GBT_EMULATED_TRIGGERS_VALUE,0,31,1,,,N,N,N,0
00DF,GBT_EMULATION_RATE_DATA,0,15,1,,,N,N,N,0
00DF,GBT_EMULATION_RATE_TRIGGERS,16,31,1,,,N,N,N,0
00E0,GBT_EMULATED_HBR_TRIGGERS_RATE_FREQ_OFFSET,28,31,1,,,N,N,N,0
00E0,GBT_TRIGGER_GENERATOR_FREQ_OFFSET,16,27,1,0,3563,N,N,N,0
00E0,GBT_DATA_GENERATOR_FREQ_OFFSET,0,11,1,0,3563,N,N,N,0
00E1,GBT_RDH_FEE_ID,0,15,1,,,N,N,N,0
00E1,GBT_RDH_PRIORITY_BIT,24,31,1,,,N,N,N,0
00E1,GBT_RDH_SYSTEM_ID,16,23,1,,,N,N,N,0
00E2,GBT_UNKNOWN_02,0,31,1,,,N,N,N,0
00E3,GBT_BCID_OFFSET,0,11,1,0,3563,N,N,N,0
00E4,GBT_DATA_SELECT_TRIGGER_MASK,0,31,1,,,N,N,N,0
00E8,GBT_RX_PHASE_ERROR,9,9,1,,,N,N,Y,0
00E8,GBT_BOARD_RUN_MODE,16,19,1,,,N,N,Y,0
00E8,GBT_BCID_SYNC_MODE,20,23,1,,,N,N,Y,0
00E8,GBT_RX_PHASE,24,27,1,,,N,N,Y,0
00E8,GBT_RX_ERROR_LATCH,8,8,1,,,N,N,Y,0
00E8,GBT_RX_ERROR,7,7,1,,,N,N,Y,0
00E8,GBT_RX_READY,6,6,1,,,N,N,Y,0
00E8,GBT_TX_FSM_RESET_DONE,5,5,1,,,N,N,Y,0
00E8,GBT_TX_RESET_DONE,4,4,1,,,N,N,Y,0
00E8,GBT_MGT_LINK_READY,3,3,1,,,N,N,Y,0
00E8,GBT_RX_FRAMECLK_READY,2,2,1,,,N,N,Y,0
00E8,GBT_RX_WORDCLK_READY,1,1,1,,,N,N,Y,0
00E8,GBT_PHASE_ALIGNER_CPLL_LOCK,0,0,1,,,N,N,Y,0
00E8,GBT_CRU_RUN_MODE,28,31,1,,,N,N,Y,0
00E9,GBT_CRU_ORBIT,0,31,1,,,N,N,Y,0
00EA,GBT_FIFO_EMPTY_HEADER,0,0,1,,,N,N,Y,0
00EA,GBT_FIFO_DATA_NOT_READY,31,31,1,,,N,N,Y,0
00EA,GBT_BC_SYNC_LOST_IN_RUN,26,26,1,,,N,N,Y,0
00EA,GBT_FIFO_EMPTY_DATA,1,1,1,,,N,N,Y,0
00EA,GBT_FIFO_EMPTY_TRG,2,2,1,,,N,N,Y,0
00EA,GBT_FIFO_EMPTY_SLCT,3,3,1,,,N,N,Y,0
00EA,GBT_FIFO_EMPTY_CNT_PACK,4,4,1,,,N,N,Y,0
00EA,GBT_FIFO_EMPTY_ERROR_REPORT,5,5,1,,,N,N,Y,0
00EA,GBT_FIFO_EMPTY_SLCT_WHILE_READ,16,16,1,,,N,N,Y,0
00EA,GBT_FSM_ERROR_CODE,16,27,1,,,N,N,Y,0
00EA,GBT_FIFO_SLCT_NOT_EMPTY_ON_RUN_START,17,17,1,,,N,N,Y,0
00EA,GBT_FIFO_CNT_PACK_NOT_EMPTY_ON_RUN_START,18,18,1,,,N,N,Y,0
00EA,GBT_FIFO_TRG_NOT_EMPTY_ON_RUN_START,19,19,1,,,N,N,Y,0
00EA,GBT_FIFO_TRG_FULL,20,20,1,,,N,N,Y,0
00EA,GBT_FIFO_DATA_NOT_EMPTY_ON_RUN_START,21,21,1,,,N,N,Y,0
00EA,GBT_FIFO_HEADER_NOT_EMPTY_ON_RUN_START,22,22,1,,,N,N,Y,0
00EA,GBT_FIFO_TCM_DATA_FULL,23,23,1,,,N,N,Y,0
00EA,GBT_PM_PACKET_CORRUPTED_EXTRA_WORD,24,24,1,,,N,N,Y,0
00EA,GBT_PM_PACKET_CORRUPTED_EARLY_HEADER,25,25,1,,,N,N,Y,0
00EB,GBT_FIFO_COUNT_RAW,0,15,1,,,N,N,Y,0
00EB,GBT_FIFO_COUNT_SELECTOR,16,31,1,,,N,N,Y,0
00EC,GBT_SELECTOR_FIRST_HIT_DROPPED_ORBIT,0,31,1,,,N,N,Y,0
00ED,GBT_WORDS_COUNT,0,31,1,,,N,N,Y,0
00EE,GBT_BC_INDICATOR_DATA,0,11,1,,,N,N,Y,0
00EE,GBT_BC_MODALITY_DATA,12,15,1,,,N,N,Y,0
00EE,GBT_BC_INDICATOR_TRG,16,27,1,,,N,N,Y,0
00EE,GBT_BC_MODALITY_TRG,28,31,1,,,N,N,Y,0
00EF,GBT_READOUT_RATE,0,16,1,,,N,N,Y,0
00F1,GBT_EVENTS_COUNT,0,31,1,,,N,N,Y,0
00F2,GBT_ERROR_REPORT,0,31,36,,,N,Y,Y,0
00F7,ATX_MEGA_128A3U_MICROCODE_TIMESTAMP_SECOND,0,5,1,,,N,N,Y,0
00F7,ATX_MEGA_128A3U_MICROCODE_TIMESTAMP_MINUTE,6,11,1,,,N,N,Y,0
00F7,ATX_MEGA_128A3U_MICROCODE_TIMESTAMP_HOUR,12,16,1,,,N,N,Y,0
00F7,ATX_MEGA_128A3U_MICROCODE_TIMESTAMP_YEAR,17,22,1,,,N,N,Y,0
00F7,ATX_MEGA_128A3U_MICROCODE_TIMESTAMP_MONTH,23,26,1,,,N,N,Y,0
00F7,ATX_MEGA_128A3U_MICROCODE_TIMESTAMP_DAY,27,31,1,,,N,N,Y,0
00F8,FW_UPGRADE_COMMAND,0,7,1,,,N,N,N,0
00F8,FW_UPGRADE_START_BYTE_ADDRESS,8,31,1,,,N,N,N,0
00F9,FW_UPGRADE_DATA,0,31,1,,,N,N,N,0
00FA,FW_UPGRADE_END_BYTE_ADDRESS,0,23,1,,,N,N,N,0
00FB,FW_UPGRADE_STATUS,0,17,1,,,N,N,N,0
00FC,FPGA_TEMP,0,31,1,,,N,N,Y,0
00FD,1V_POWER,0,31,1,,,N,N,Y,0
00FE,1_8V_POWER,0,31,1,,,N,N,Y,0
00FF,FPGA_FW_TIMESTAMP_SECONDS,0,5,1,,,N,N,Y,0
00FF,FPGA_FW_TIMESTAMP_MINUTE,6,11,1,,,N,N,Y,0
00FF,FPGA_FW_TIMESTAMP_HOUR,12,16,1,,,N,N,Y,0
00FF,FPGA_FW_TIMESTAMP_YEAR,17,22,1,,,N,N,Y,0
00FF,FPGA_FW_TIMESTAMP_MONTH,23,26,1,,,N,N,Y,0
00FF,FPGA_FW_TIMESTAMP_DAY,27,31,1,,,N,N,Y,0
0100,COUNTERS_VALUES_READOUT,0,31,15,,,N,Y,Y,0
0101,COUNTERS_FIFO_LOAD,0,9,1,,,N,N,Y,0
3000,HISTOGRAM_CORRELATION_COUNTERS_SELECTABLE,0,31,3564,,,N,N,Y,0
4000,HISTOGRAM_CORRELATION_COUNTERS_01,0,31,3564,,,N,N,Y,0
5000,HISTOGRAM_CORRELATION_COUNTERS_02,0,31,3564,,,N,N,Y,0
